{
  "root" : {
    "__class" : "RootNode",
    "children" : [
      {
        "__class" : "FrameNode",
        "aspectRatio" : null,
        "blendingEnabled" : 0,
        "blendingMode" : "normal",
        "blur" : 12,
        "blurEnabled" : 0,
        "blurType" : "layer",
        "borderBottom" : 1,
        "borderColor" : "#222",
        "borderEnabled" : 0,
        "borderLeft" : 1,
        "borderPerSide" : false,
        "borderRight" : 1,
        "borderStyle" : "solid",
        "borderTop" : 1,
        "borderWidth" : 1,
        "bottom" : null,
        "boxShadows" : [

        ],
        "brightness" : 100,
        "brightnessEnabled" : 0,
        "centerAnchorX" : 0,
        "centerAnchorY" : 0,
        "children" : [
          {
            "__class" : "FrameNode",
            "aspectRatio" : 1.8275862068965518,
            "blendingEnabled" : 0,
            "blendingMode" : "normal",
            "blur" : 12,
            "blurEnabled" : 0,
            "blurType" : "layer",
            "borderBottom" : 1,
            "borderColor" : "#222",
            "borderEnabled" : 0,
            "borderLeft" : 1,
            "borderPerSide" : false,
            "borderRight" : 1,
            "borderStyle" : "solid",
            "borderTop" : 1,
            "borderWidth" : 1,
            "bottom" : null,
            "boxShadows" : [

            ],
            "brightness" : 100,
            "brightnessEnabled" : 0,
            "centerAnchorX" : 0.5,
            "centerAnchorY" : 0.18041871921182265,
            "children" : [

            ],
            "clip" : false,
            "codeOverrideEnabled" : false,
            "constraintsLocked" : false,
            "contrast" : 100,
            "contrastEnabled" : 0,
            "deviceType" : null,
            "exportOptions" : [

            ],
            "fillColor" : "rgba(255,255,255,1)",
            "fillEnabled" : true,
            "fillGradient" : {
              "__class" : "LinearGradient",
              "alpha" : 1,
              "angle" : 0,
              "end" : "rgba(0,0,0,0)",
              "start" : "black"
            },
            "fillImage" : "9cf8Gd2HQ0XXJbLfISLKXFmvXg.png",
            "fillImagePixelHeight" : 406,
            "fillImagePixelWidth" : 742,
            "fillImageResize" : "fill",
            "fillType" : "image",
            "grayscale" : 0,
            "grayScaleEnabled" : 0,
            "height" : 205,
            "heightType" : 0,
            "hueRotate" : 0,
            "hueRotateEnabled" : 0,
            "id" : "zwUQZHARX",
            "intrinsicHeight" : 203,
            "intrinsicWidth" : 371,
            "invert" : 0,
            "invertEnabled" : 0,
            "isExternalMaster" : null,
            "isMaster" : false,
            "isTarget" : false,
            "left" : 0,
            "locked" : false,
            "name" : null,
            "navigationTarget" : null,
            "navigationTransition" : "push",
            "navigationTransitionBackdropColor" : "rgba(4,4,15,.4)",
            "navigationTransitionDirection" : "left",
            "opacity" : 1,
            "originalid" : null,
            "parentid" : "synWls6ky",
            "previewSettings" : null,
            "radius" : 0,
            "radiusBottomLeft" : 0,
            "radiusBottomRight" : 0,
            "radiusIsRelative" : false,
            "radiusPerCorner" : false,
            "radiusTopLeft" : 0,
            "radiusTopRight" : 0,
            "replicaInfo" : null,
            "right" : 0,
            "rotation" : 0,
            "saturate" : 100,
            "saturateEnabled" : 0,
            "sepia" : 0,
            "sepiaEnabled" : 0,
            "top" : 44,
            "visible" : true,
            "width" : 375,
            "widthType" : 0
          },
          {
            "__class" : "FrameNode",
            "aspectRatio" : null,
            "blendingEnabled" : 0,
            "blendingMode" : "normal",
            "blur" : 12,
            "blurEnabled" : 0,
            "blurType" : "layer",
            "borderBottom" : 1,
            "borderColor" : "#222",
            "borderEnabled" : 0,
            "borderLeft" : 1,
            "borderPerSide" : false,
            "borderRight" : 1,
            "borderStyle" : "solid",
            "borderTop" : 1,
            "borderWidth" : 1,
            "bottom" : 83,
            "boxShadows" : [

            ],
            "brightness" : 100,
            "brightnessEnabled" : 0,
            "centerAnchorX" : 0.5,
            "centerAnchorY" : 0.44889162561576357,
            "children" : [
              {
                "__class" : "FrameNode",
                "aspectRatio" : null,
                "blendingEnabled" : 0,
                "blendingMode" : "normal",
                "blur" : 12,
                "blurEnabled" : 0,
                "blurType" : "layer",
                "borderBottom" : 1,
                "borderColor" : "#222",
                "borderEnabled" : 0,
                "borderLeft" : 1,
                "borderPerSide" : false,
                "borderRight" : 1,
                "borderStyle" : "solid",
                "borderTop" : 1,
                "borderWidth" : 1,
                "bottom" : -747,
                "boxShadows" : [
                  {
                    "__class" : "BoxShadow",
                    "blur" : 20,
                    "color" : "hsla(0, 0%, 0%, 0.05)",
                    "enabled" : true,
                    "inset" : false,
                    "spread" : 6,
                    "x" : 0,
                    "y" : 0
                  }
                ],
                "brightness" : 100,
                "brightnessEnabled" : 0,
                "centerAnchorX" : 0.5,
                "centerAnchorY" : 1.4753086419753085,
                "children" : [
                  {
                    "__class" : "FrameNode",
                    "aspectRatio" : 0.76024590163934425,
                    "blendingEnabled" : 0,
                    "blendingMode" : "normal",
                    "blur" : 12,
                    "blurEnabled" : 0,
                    "blurType" : "layer",
                    "borderBottom" : 1,
                    "borderColor" : "#222",
                    "borderEnabled" : 0,
                    "borderLeft" : 1,
                    "borderPerSide" : false,
                    "borderRight" : 1,
                    "borderStyle" : "solid",
                    "borderTop" : 1,
                    "borderWidth" : 1,
                    "bottom" : null,
                    "boxShadows" : [

                    ],
                    "brightness" : 100,
                    "brightnessEnabled" : 0,
                    "centerAnchorX" : 0.5,
                    "centerAnchorY" : 0.54931335830212236,
                    "children" : [

                    ],
                    "clip" : false,
                    "codeOverrideEnabled" : false,
                    "constraintsLocked" : true,
                    "contrast" : 100,
                    "contrastEnabled" : 0,
                    "deviceType" : null,
                    "exportOptions" : [

                    ],
                    "fillColor" : "rgba(255,255,255,1)",
                    "fillEnabled" : true,
                    "fillGradient" : {
                      "__class" : "LinearGradient",
                      "alpha" : 1,
                      "angle" : 0,
                      "end" : "rgba(0,0,0,0)",
                      "start" : "black"
                    },
                    "fillImage" : "eKEd4HuT7EHoB0KjyhdhgLLTxc.png",
                    "fillImagePixelHeight" : 976,
                    "fillImagePixelWidth" : 742,
                    "fillImageResize" : "fill",
                    "fillType" : "image",
                    "grayscale" : 0,
                    "grayScaleEnabled" : 0,
                    "height" : 454,
                    "heightType" : 0,
                    "hueRotate" : 0,
                    "hueRotateEnabled" : 0,
                    "id" : "jB3J5Xvf7",
                    "intrinsicHeight" : 488,
                    "intrinsicWidth" : 371,
                    "invert" : 0,
                    "invertEnabled" : 0,
                    "isExternalMaster" : null,
                    "isMaster" : false,
                    "isTarget" : false,
                    "left" : 0,
                    "locked" : false,
                    "name" : "Content",
                    "navigationTarget" : null,
                    "navigationTransition" : "push",
                    "navigationTransitionBackdropColor" : "rgba(4,4,15,.4)",
                    "navigationTransitionDirection" : "left",
                    "opacity" : 1,
                    "originalid" : null,
                    "parentid" : "B1Qs7oqfr",
                    "previewSettings" : null,
                    "radius" : 0,
                    "radiusBottomLeft" : 0,
                    "radiusBottomRight" : 0,
                    "radiusIsRelative" : false,
                    "radiusPerCorner" : false,
                    "radiusTopLeft" : 0,
                    "radiusTopRight" : 0,
                    "replicaInfo" : null,
                    "right" : 0,
                    "rotation" : 0,
                    "saturate" : 100,
                    "saturateEnabled" : 0,
                    "sepia" : 0,
                    "sepiaEnabled" : 0,
                    "top" : 213,
                    "visible" : true,
                    "width" : 345,
                    "widthType" : 0
                  },
                  {
                    "__class" : "FrameNode",
                    "aspectRatio" : 6.1607142857142856,
                    "blendingEnabled" : 0,
                    "blendingMode" : "normal",
                    "bottom" : null,
                    "boxShadows" : [
                      {
                        "__class" : "BoxShadow",
                        "blur" : 20,
                        "color" : "hsla(0, 0%, 0%, 0.01)",
                        "enabled" : true,
                        "inset" : false,
                        "spread" : 6,
                        "x" : 0,
                        "y" : 0
                      }
                    ],
                    "centerAnchorX" : 0.5,
                    "centerAnchorY" : 0.03495630461922597,
                    "children" : [

                    ],
                    "clip" : false,
                    "codeOverrideEnabled" : false,
                    "constraintsLocked" : false,
                    "deviceType" : null,
                    "exportOptions" : [

                    ],
                    "fillColor" : "rgba(255,255,255,1)",
                    "fillEnabled" : true,
                    "fillGradient" : {
                      "__class" : "LinearGradient",
                      "alpha" : 1,
                      "angle" : 0,
                      "end" : "rgba(0,0,0,0)",
                      "start" : "black"
                    },
                    "fillImage" : "VBiMLhp0M1TGwE0GYOnrjXzFbK8.png",
                    "fillImagePixelHeight" : 108,
                    "fillImagePixelWidth" : 690,
                    "fillImageResize" : "fill",
                    "fillType" : "image",
                    "height" : 56,
                    "heightType" : 0,
                    "id" : "T_sCVJLt6",
                    "intrinsicHeight" : 54,
                    "intrinsicWidth" : 345,
                    "isExternalMaster" : null,
                    "isMaster" : false,
                    "isTarget" : false,
                    "left" : 0,
                    "locked" : false,
                    "name" : "Frame",
                    "navigationTarget" : null,
                    "navigationTransition" : "push",
                    "navigationTransitionBackdropColor" : "rgba(4,4,15,.4)",
                    "navigationTransitionDirection" : "left",
                    "opacity" : 1,
                    "originalFilename" : "Screen Shot 2019-01-30 at 3.32.42 AM.png",
                    "originalid" : null,
                    "parentid" : "B1Qs7oqfr",
                    "previewSettings" : null,
                    "radius" : 0,
                    "radiusBottomLeft" : 0,
                    "radiusBottomRight" : 0,
                    "radiusIsRelative" : false,
                    "radiusPerCorner" : true,
                    "radiusTopLeft" : 15,
                    "radiusTopRight" : 15,
                    "replicaInfo" : null,
                    "right" : 0,
                    "rotation" : 0,
                    "top" : 0,
                    "visible" : true,
                    "width" : 345,
                    "widthType" : 0
                  },
                  {
                    "__class" : "CodeComponentNode",
                    "aspectRatio" : null,
                    "blur" : 12,
                    "blurEnabled" : 0,
                    "blurType" : "layer",
                    "borderBottom" : 1,
                    "borderColor" : "#222",
                    "borderEnabled" : 0,
                    "borderLeft" : 1,
                    "borderPerSide" : false,
                    "borderRight" : 1,
                    "borderStyle" : "solid",
                    "borderTop" : 1,
                    "borderWidth" : 1,
                    "bottom" : null,
                    "boxShadows" : [

                    ],
                    "brightness" : 100,
                    "brightnessEnabled" : 0,
                    "centerAnchorX" : 0.5,
                    "centerAnchorY" : 0.035580524344569285,
                    "children" : [

                    ],
                    "clip" : true,
                    "codeComponentIdentifier" : ".\/DragCloseBar.tsx_DragCloseBar",
                    "codeComponentProps" : {

                    },
                    "codeOverrideEnabled" : true,
                    "codeOverrideFile" : ".\/App.tsx",
                    "codeOverrideIdentifier" : ".\/App.tsx_DragCloseBar",
                    "codeOverrideName" : "DragCloseBar",
                    "constraintsLocked" : false,
                    "contrast" : 100,
                    "contrastEnabled" : 0,
                    "exportOptions" : [

                    ],
                    "fillColor" : "rgba(255,255,255,1)",
                    "fillEnabled" : false,
                    "fillGradient" : {
                      "__class" : "LinearGradient",
                      "alpha" : 1,
                      "angle" : 0,
                      "end" : "rgba(0,0,0,0)",
                      "start" : "black"
                    },
                    "fillImage" : null,
                    "fillImagePixelHeight" : null,
                    "fillImagePixelWidth" : null,
                    "fillImageResize" : "fill",
                    "fillType" : "color",
                    "grayscale" : 0,
                    "grayScaleEnabled" : 0,
                    "height" : 57,
                    "heightType" : 0,
                    "hueRotate" : 0,
                    "hueRotateEnabled" : 0,
                    "id" : "VjO4b4gco",
                    "intrinsicHeight" : null,
                    "intrinsicWidth" : null,
                    "invert" : 0,
                    "invertEnabled" : 0,
                    "left" : 0,
                    "locked" : false,
                    "name" : null,
                    "opacity" : 1,
                    "originalid" : null,
                    "parentid" : "B1Qs7oqfr",
                    "radius" : 0,
                    "radiusBottomLeft" : 0,
                    "radiusBottomRight" : 0,
                    "radiusIsRelative" : false,
                    "radiusPerCorner" : false,
                    "radiusTopLeft" : 0,
                    "radiusTopRight" : 0,
                    "right" : 0,
                    "rotation" : 0,
                    "saturate" : 100,
                    "saturateEnabled" : 0,
                    "sepia" : 0,
                    "sepiaEnabled" : 0,
                    "top" : 0,
                    "visible" : true,
                    "width" : 345,
                    "widthType" : 0
                  },
                  {
                    "__class" : "FrameNode",
                    "aspectRatio" : null,
                    "blendingEnabled" : 0,
                    "blendingMode" : "normal",
                    "bottom" : null,
                    "centerAnchorX" : 0.5,
                    "centerAnchorY" : 0.079275905118601747,
                    "children" : [

                    ],
                    "clip" : false,
                    "codeOverrideEnabled" : false,
                    "constraintsLocked" : false,
                    "deviceType" : null,
                    "exportOptions" : [

                    ],
                    "fillColor" : "rgba(91, 126, 216, 1.00)",
                    "fillEnabled" : true,
                    "fillGradient" : {
                      "__class" : "LinearGradient",
                      "alpha" : 1,
                      "angle" : 0,
                      "end" : "rgba(0,0,0,0)",
                      "start" : "black"
                    },
                    "fillImage" : null,
                    "fillImagePixelHeight" : null,
                    "fillImagePixelWidth" : null,
                    "fillImageResize" : "fill",
                    "fillType" : "color",
                    "height" : 33,
                    "heightType" : 0,
                    "id" : "f9WlgqYff",
                    "intrinsicHeight" : null,
                    "intrinsicWidth" : null,
                    "isExternalMaster" : null,
                    "isMaster" : false,
                    "isTarget" : false,
                    "left" : 0,
                    "locked" : false,
                    "name" : null,
                    "navigationTarget" : null,
                    "navigationTransition" : "push",
                    "navigationTransitionBackdropColor" : "rgba(4,4,15,.4)",
                    "navigationTransitionDirection" : "left",
                    "opacity" : 1,
                    "originalid" : null,
                    "parentid" : "B1Qs7oqfr",
                    "previewSettings" : null,
                    "radius" : 0,
                    "radiusBottomLeft" : 0,
                    "radiusBottomRight" : 0,
                    "radiusIsRelative" : false,
                    "radiusPerCorner" : false,
                    "radiusTopLeft" : 0,
                    "radiusTopRight" : 0,
                    "replicaInfo" : null,
                    "right" : 0,
                    "rotation" : 0,
                    "top" : 47,
                    "visible" : false,
                    "width" : 345,
                    "widthType" : 0
                  }
                ],
                "clip" : false,
                "codeOverrideEnabled" : true,
                "codeOverrideFile" : ".\/App.tsx",
                "codeOverrideIdentifier" : ".\/App.tsx_Hanger",
                "codeOverrideName" : "Hanger",
                "constraintsLocked" : true,
                "contrast" : 100,
                "contrastEnabled" : 0,
                "deviceType" : null,
                "exportOptions" : [

                ],
                "fillColor" : "rgba(91, 126, 215, 1.00)",
                "fillEnabled" : true,
                "fillGradient" : {
                  "__class" : "LinearGradient",
                  "alpha" : 1,
                  "angle" : 0,
                  "end" : "rgba(0,0,0,0)",
                  "start" : "black"
                },
                "fillImage" : null,
                "fillImagePixelHeight" : null,
                "fillImagePixelWidth" : null,
                "fillImageResize" : "fill",
                "fillType" : "color",
                "grayscale" : 0,
                "grayScaleEnabled" : 0,
                "height" : 801,
                "heightType" : 0,
                "hueRotate" : 0,
                "hueRotateEnabled" : 0,
                "id" : "B1Qs7oqfr",
                "intrinsicHeight" : null,
                "intrinsicWidth" : null,
                "invert" : 0,
                "invertEnabled" : 0,
                "isExternalMaster" : null,
                "isMaster" : false,
                "isTarget" : false,
                "left" : null,
                "locked" : false,
                "name" : "Hanger",
                "navigationTarget" : null,
                "navigationTransition" : "push",
                "navigationTransitionBackdropColor" : "rgba(4,4,15,.4)",
                "navigationTransitionDirection" : "left",
                "opacity" : 1,
                "originalid" : null,
                "parentid" : "sQmzJNVtk",
                "previewSettings" : null,
                "radius" : 0,
                "radiusBottomLeft" : 0,
                "radiusBottomRight" : 0,
                "radiusIsRelative" : false,
                "radiusPerCorner" : true,
                "radiusTopLeft" : 10,
                "radiusTopRight" : 10,
                "replicaInfo" : null,
                "right" : null,
                "rotation" : 0,
                "saturate" : 100,
                "saturateEnabled" : 0,
                "sepia" : 0,
                "sepiaEnabled" : 0,
                "top" : null,
                "visible" : true,
                "width" : 345,
                "widthType" : 0
              }
            ],
            "clip" : true,
            "codeOverrideEnabled" : false,
            "constraintsLocked" : false,
            "contrast" : 100,
            "contrastEnabled" : 0,
            "deviceType" : null,
            "exportOptions" : [

            ],
            "fillColor" : "rgba(255,255,255,1)",
            "fillEnabled" : false,
            "fillGradient" : {
              "__class" : "LinearGradient",
              "alpha" : 1,
              "angle" : 0,
              "end" : "rgba(0,0,0,0)",
              "start" : "black"
            },
            "fillImage" : null,
            "fillImagePixelHeight" : null,
            "fillImagePixelWidth" : null,
            "fillImageResize" : "fill",
            "fillType" : "color",
            "grayscale" : 0,
            "grayScaleEnabled" : 0,
            "height" : 729,
            "heightType" : 0,
            "hueRotate" : 0,
            "hueRotateEnabled" : 0,
            "id" : "sQmzJNVtk",
            "intrinsicHeight" : null,
            "intrinsicWidth" : null,
            "invert" : 0,
            "invertEnabled" : 0,
            "isExternalMaster" : null,
            "isMaster" : false,
            "isTarget" : false,
            "left" : 0,
            "locked" : false,
            "name" : "HangerWrap",
            "navigationTarget" : null,
            "navigationTransition" : "push",
            "navigationTransitionBackdropColor" : "rgba(4,4,15,.4)",
            "navigationTransitionDirection" : "left",
            "opacity" : 1,
            "originalid" : null,
            "parentid" : "synWls6ky",
            "previewSettings" : null,
            "radius" : 0,
            "radiusBottomLeft" : 0,
            "radiusBottomRight" : 0,
            "radiusIsRelative" : false,
            "radiusPerCorner" : false,
            "radiusTopLeft" : 0,
            "radiusTopRight" : 0,
            "replicaInfo" : null,
            "right" : 0,
            "rotation" : 0,
            "saturate" : 100,
            "saturateEnabled" : 0,
            "sepia" : 0,
            "sepiaEnabled" : 0,
            "top" : 0,
            "visible" : true,
            "width" : 375,
            "widthType" : 0
          },
          {
            "__class" : "FrameNode",
            "aspectRatio" : 8.0652173913043477,
            "blendingEnabled" : 0,
            "blendingMode" : "normal",
            "blur" : 12,
            "blurEnabled" : 0,
            "blurType" : "layer",
            "borderBottom" : 1,
            "borderColor" : "#222",
            "borderEnabled" : 0,
            "borderLeft" : 1,
            "borderPerSide" : false,
            "borderRight" : 1,
            "borderStyle" : "solid",
            "borderTop" : 1,
            "borderWidth" : 1,
            "bottom" : 37,
            "boxShadows" : [

            ],
            "brightness" : 100,
            "brightnessEnabled" : 0,
            "centerAnchorX" : 0.5,
            "centerAnchorY" : 0.92610837438423643,
            "children" : [

            ],
            "clip" : false,
            "codeOverrideEnabled" : false,
            "constraintsLocked" : false,
            "contrast" : 100,
            "contrastEnabled" : 0,
            "deviceType" : null,
            "exportOptions" : [

            ],
            "fillColor" : "rgba(255,255,255,1)",
            "fillEnabled" : true,
            "fillGradient" : {
              "__class" : "LinearGradient",
              "alpha" : 1,
              "angle" : 0,
              "end" : "rgba(0,0,0,0)",
              "start" : "black"
            },
            "fillImage" : "S4FLOzJsml2FnOhh7H8Nviqz4.png",
            "fillImagePixelHeight" : 92,
            "fillImagePixelWidth" : 742,
            "fillImageResize" : "fill",
            "fillType" : "image",
            "grayscale" : 0,
            "grayScaleEnabled" : 0,
            "height" : 46,
            "heightType" : 0,
            "hueRotate" : 0,
            "hueRotateEnabled" : 0,
            "id" : "l9VOY6G9f",
            "intrinsicHeight" : 46,
            "intrinsicWidth" : 371,
            "invert" : 0,
            "invertEnabled" : 0,
            "isExternalMaster" : null,
            "isMaster" : false,
            "isTarget" : false,
            "left" : 0,
            "locked" : false,
            "name" : "Menus",
            "navigationTarget" : null,
            "navigationTransition" : "push",
            "navigationTransitionBackdropColor" : "rgba(4,4,15,.4)",
            "navigationTransitionDirection" : "left",
            "opacity" : 1,
            "originalid" : null,
            "parentid" : "synWls6ky",
            "previewSettings" : null,
            "radius" : 0,
            "radiusBottomLeft" : 0,
            "radiusBottomRight" : 0,
            "radiusIsRelative" : false,
            "radiusPerCorner" : false,
            "radiusTopLeft" : 0,
            "radiusTopRight" : 0,
            "replicaInfo" : null,
            "right" : 0,
            "rotation" : 0,
            "saturate" : 100,
            "saturateEnabled" : 0,
            "sepia" : 0,
            "sepiaEnabled" : 0,
            "top" : null,
            "visible" : true,
            "width" : 375,
            "widthType" : 0
          },
          {
            "__class" : "CodeComponentNode",
            "aspectRatio" : null,
            "blur" : 12,
            "blurEnabled" : 0,
            "blurType" : "layer",
            "borderBottom" : 1,
            "borderColor" : "#222",
            "borderEnabled" : 0,
            "borderLeft" : 1,
            "borderPerSide" : false,
            "borderRight" : 1,
            "borderStyle" : "solid",
            "borderTop" : 1,
            "borderWidth" : 1,
            "bottom" : null,
            "boxShadows" : [

            ],
            "brightness" : 100,
            "brightnessEnabled" : 0,
            "centerAnchorX" : 0.5,
            "centerAnchorY" : 0.027093596059113302,
            "children" : [

            ],
            "clip" : true,
            "codeComponentIdentifier" : "@framer\/kasimir.iphone-x-kit\/.\/Status Bar\/Status_Bar.tsx_StatusBar",
            "codeComponentProps" : {
              "appearance" : "light",
              "back" : "",
              "batteryLevel" : 100,
              "liveTime" : true,
              "location" : "none",
              "mode" : "transparent",
              "signalLevel" : 100,
              "time" : "18.00",
              "twelveHour" : false,
              "wifiLevel" : 100
            },
            "codeOverrideEnabled" : false,
            "constraintsLocked" : false,
            "contrast" : 100,
            "contrastEnabled" : 0,
            "exportOptions" : [

            ],
            "fillColor" : "rgba(255,255,255,1)",
            "fillEnabled" : false,
            "fillGradient" : {
              "__class" : "LinearGradient",
              "alpha" : 1,
              "angle" : 0,
              "end" : "rgba(0,0,0,0)",
              "start" : "black"
            },
            "fillImage" : null,
            "fillImagePixelHeight" : null,
            "fillImagePixelWidth" : null,
            "fillImageResize" : "fill",
            "fillType" : "color",
            "grayscale" : 0,
            "grayScaleEnabled" : 0,
            "height" : 44,
            "heightType" : 0,
            "hueRotate" : 0,
            "hueRotateEnabled" : 0,
            "id" : "ZZEY_9z_E",
            "intrinsicHeight" : 44,
            "intrinsicWidth" : 375,
            "invert" : 0,
            "invertEnabled" : 0,
            "left" : 0,
            "locked" : false,
            "name" : null,
            "opacity" : 1,
            "originalid" : null,
            "parentid" : "synWls6ky",
            "radius" : 0,
            "radiusBottomLeft" : 0,
            "radiusBottomRight" : 0,
            "radiusIsRelative" : false,
            "radiusPerCorner" : false,
            "radiusTopLeft" : 0,
            "radiusTopRight" : 0,
            "right" : 0,
            "rotation" : 0,
            "saturate" : 100,
            "saturateEnabled" : 0,
            "sepia" : 0,
            "sepiaEnabled" : 0,
            "top" : 0,
            "visible" : true,
            "width" : 375,
            "widthType" : 0
          },
          {
            "__class" : "CodeComponentNode",
            "aspectRatio" : null,
            "blur" : 12,
            "blurEnabled" : 0,
            "blurType" : "layer",
            "borderBottom" : 1,
            "borderColor" : "#222",
            "borderEnabled" : 0,
            "borderLeft" : 1,
            "borderPerSide" : false,
            "borderRight" : 1,
            "borderStyle" : "solid",
            "borderTop" : 1,
            "borderWidth" : 1,
            "bottom" : 0,
            "boxShadows" : [

            ],
            "brightness" : 100,
            "brightnessEnabled" : 0,
            "centerAnchorX" : 0.5,
            "centerAnchorY" : 0.97906403940886699,
            "children" : [

            ],
            "clip" : true,
            "codeComponentIdentifier" : "@framer\/kasimir.iphone-x-kit\/.\/Home Button (iPhone X)\/HomeButton.tsx_HomeButton",
            "codeComponentProps" : {
              "appearance" : "light"
            },
            "codeOverrideEnabled" : false,
            "constraintsLocked" : false,
            "contrast" : 100,
            "contrastEnabled" : 0,
            "exportOptions" : [

            ],
            "fillColor" : "rgba(255,255,255,1)",
            "fillEnabled" : false,
            "fillGradient" : {
              "__class" : "LinearGradient",
              "alpha" : 1,
              "angle" : 0,
              "end" : "rgba(0,0,0,0)",
              "start" : "black"
            },
            "fillImage" : null,
            "fillImagePixelHeight" : null,
            "fillImagePixelWidth" : null,
            "fillImageResize" : "fill",
            "fillType" : "color",
            "grayscale" : 0,
            "grayScaleEnabled" : 0,
            "height" : 34,
            "heightType" : 0,
            "hueRotate" : 0,
            "hueRotateEnabled" : 0,
            "id" : "FqLNnfqpZ",
            "intrinsicHeight" : 34,
            "intrinsicWidth" : 375,
            "invert" : 0,
            "invertEnabled" : 0,
            "left" : 0,
            "locked" : false,
            "name" : null,
            "opacity" : 1,
            "originalid" : null,
            "parentid" : "synWls6ky",
            "radius" : 0,
            "radiusBottomLeft" : 0,
            "radiusBottomRight" : 0,
            "radiusIsRelative" : false,
            "radiusPerCorner" : false,
            "radiusTopLeft" : 0,
            "radiusTopRight" : 0,
            "right" : 0,
            "rotation" : 0,
            "saturate" : 100,
            "saturateEnabled" : 0,
            "sepia" : 0,
            "sepiaEnabled" : 0,
            "top" : null,
            "visible" : true,
            "width" : 375,
            "widthType" : 0
          }
        ],
        "clip" : false,
        "codeOverrideEnabled" : false,
        "constraintsLocked" : false,
        "contrast" : 100,
        "contrastEnabled" : 0,
        "deviceType" : "framer\/FramerAppleIPhoneXS",
        "exportOptions" : [

        ],
        "fillColor" : "rgba(70, 107, 194, 1.00)",
        "fillEnabled" : true,
        "fillGradient" : {
          "__class" : "LinearGradient",
          "alpha" : 1,
          "angle" : 0,
          "end" : "rgba(0,0,0,0)",
          "start" : "black"
        },
        "fillImage" : null,
        "fillImagePixelHeight" : null,
        "fillImagePixelWidth" : null,
        "fillImageResize" : "fill",
        "fillType" : "color",
        "grayscale" : 0,
        "grayScaleEnabled" : 0,
        "height" : 812,
        "heightType" : 0,
        "hueRotate" : 0,
        "hueRotateEnabled" : 0,
        "id" : "synWls6ky",
        "intrinsicHeight" : null,
        "intrinsicWidth" : null,
        "invert" : 0,
        "invertEnabled" : 0,
        "isExternalMaster" : null,
        "isMaster" : false,
        "isTarget" : false,
        "left" : 0,
        "locked" : false,
        "name" : null,
        "navigationTarget" : null,
        "navigationTransition" : "push",
        "navigationTransitionBackdropColor" : "rgba(4,4,15,.4)",
        "navigationTransitionDirection" : "left",
        "opacity" : 1,
        "originalid" : null,
        "parentid" : "NdzXAUec4",
        "previewSettings" : null,
        "radius" : 0,
        "radiusBottomLeft" : 0,
        "radiusBottomRight" : 0,
        "radiusIsRelative" : false,
        "radiusPerCorner" : false,
        "radiusTopLeft" : 0,
        "radiusTopRight" : 0,
        "replicaInfo" : null,
        "right" : null,
        "rotation" : 0,
        "saturate" : 100,
        "saturateEnabled" : 0,
        "sepia" : 0,
        "sepiaEnabled" : 0,
        "top" : 0,
        "visible" : true,
        "width" : 375,
        "widthType" : 0
      },
      {
        "__class" : "FrameNode",
        "aspectRatio" : null,
        "blendingEnabled" : 0,
        "blendingMode" : "normal",
        "blur" : 12,
        "blurEnabled" : 0,
        "blurType" : "layer",
        "borderBottom" : 1,
        "borderColor" : "#222",
        "borderEnabled" : 0,
        "borderLeft" : 1,
        "borderPerSide" : false,
        "borderRight" : 1,
        "borderStyle" : "solid",
        "borderTop" : 1,
        "borderWidth" : 1,
        "bottom" : null,
        "boxShadows" : [

        ],
        "brightness" : 100,
        "brightnessEnabled" : 0,
        "centerAnchorX" : 0.94266666666666665,
        "centerAnchorY" : 0.84913793103448276,
        "children" : [
          {
            "__class" : "SVGNode",
            "aspectRatio" : 1,
            "blendingEnabled" : 0,
            "blendingMode" : "normal",
            "blur" : 12,
            "blurEnabled" : 0,
            "blurType" : "layer",
            "bottom" : null,
            "brightness" : 100,
            "brightnessEnabled" : 0,
            "centerAnchorX" : 0.5,
            "centerAnchorY" : 0.5,
            "children" : [

            ],
            "colorable" : false,
            "constraintsLocked" : false,
            "contrast" : 100,
            "contrastEnabled" : 0,
            "exportOptions" : [

            ],
            "fillColor" : "rgba(0,0,0,1)",
            "fillGradient" : {
              "__class" : "LinearGradient",
              "alpha" : 1,
              "angle" : 0,
              "end" : "rgba(0,0,0,0)",
              "start" : "black"
            },
            "fillImage" : null,
            "fillImagePixelHeight" : null,
            "fillImagePixelWidth" : null,
            "fillImageResize" : "fill",
            "fillType" : "color",
            "grayscale" : 0,
            "grayScaleEnabled" : 0,
            "height" : 17,
            "heightType" : 0,
            "hueRotate" : 0,
            "hueRotateEnabled" : 0,
            "id" : "KlG2V7QXT",
            "intrinsicHeight" : 182,
            "intrinsicWidth" : 182,
            "invert" : 0,
            "invertEnabled" : 0,
            "left" : 0,
            "locked" : false,
            "name" : null,
            "opacity" : 1,
            "originalFilename" : "close.svg",
            "originalid" : null,
            "parentid" : "M3JMQDW7e",
            "right" : 0,
            "rotation" : 0,
            "saturate" : 100,
            "saturateEnabled" : 0,
            "sepia" : 0,
            "sepiaEnabled" : 0,
            "shadows" : [

            ],
            "svg" : "<?xml version=\"1.0\"?><svg xmlns=\"http:\/\/www.w3.org\/2000\/svg\" width=\"182\" height=\"182\" fill=\"none\"><path d=\"M5.319 2.608A10.001 10.001 0 0 1 18.07 3.93L91 76.86l72.93-72.93a10 10 0 0 1 12.57-1.448 10.007 10.007 0 0 1 3.81 4.52 10.005 10.005 0 0 1-2.24 11.07L105.141 91l72.929 72.93a9.996 9.996 0 0 1 2.333 10.994 10.016 10.016 0 0 1-2.187 3.292 10.016 10.016 0 0 1-7.174 2.928 9.989 9.989 0 0 1-7.112-3.074L91 105.141 18.07 178.07a9.999 9.999 0 0 1-16.473-3.146A10 10 0 0 1 3.93 163.93L76.86 91 3.93 18.07A10.001 10.001 0 0 1 5.319 2.608z\" fill=\"#fff\"><\/path><\/svg>",
            "top" : 0,
            "visible" : true,
            "width" : 17,
            "widthType" : 0
          }
        ],
        "clip" : false,
        "codeOverrideEnabled" : false,
        "constraintsLocked" : false,
        "contrast" : 100,
        "contrastEnabled" : 0,
        "deviceType" : null,
        "exportOptions" : [

        ],
        "fillColor" : "rgba(255,255,255,1)",
        "fillEnabled" : false,
        "fillGradient" : {
          "__class" : "LinearGradient",
          "alpha" : 1,
          "angle" : 0,
          "end" : "rgba(0,0,0,0)",
          "start" : "black"
        },
        "fillImage" : null,
        "fillImagePixelHeight" : null,
        "fillImagePixelWidth" : null,
        "fillImageResize" : "fill",
        "fillType" : "color",
        "grayscale" : 0,
        "grayScaleEnabled" : 0,
        "height" : 17,
        "heightType" : 0,
        "hueRotate" : 0,
        "hueRotateEnabled" : 0,
        "id" : "M3JMQDW7e",
        "intrinsicHeight" : null,
        "intrinsicWidth" : null,
        "invert" : 0,
        "invertEnabled" : 0,
        "isExternalMaster" : null,
        "isMaster" : false,
        "isTarget" : false,
        "left" : 505,
        "locked" : false,
        "name" : null,
        "navigationTarget" : null,
        "navigationTransition" : "push",
        "navigationTransitionBackdropColor" : "rgba(4,4,15,.4)",
        "navigationTransitionDirection" : "left",
        "opacity" : 1,
        "originalid" : null,
        "parentid" : "NdzXAUec4",
        "previewSettings" : null,
        "radius" : 0,
        "radiusBottomLeft" : 0,
        "radiusBottomRight" : 0,
        "radiusIsRelative" : false,
        "radiusPerCorner" : false,
        "radiusTopLeft" : 0,
        "radiusTopRight" : 0,
        "replicaInfo" : null,
        "right" : null,
        "rotation" : 0,
        "saturate" : 100,
        "saturateEnabled" : 0,
        "sepia" : 0,
        "sepiaEnabled" : 0,
        "top" : 726,
        "visible" : true,
        "width" : 17,
        "widthType" : 0
      },
      {
        "__class" : "FrameNode",
        "aspectRatio" : 2.83206106870229,
        "blendingEnabled" : 0,
        "blendingMode" : "normal",
        "blur" : 12,
        "blurEnabled" : 0,
        "blurType" : "layer",
        "borderBottom" : 1,
        "borderColor" : "#222",
        "borderEnabled" : 0,
        "borderLeft" : 1,
        "borderPerSide" : false,
        "borderRight" : 1,
        "borderStyle" : "solid",
        "borderTop" : 1,
        "borderWidth" : 1,
        "bottom" : null,
        "boxShadows" : [

        ],
        "brightness" : 100,
        "brightnessEnabled" : 0,
        "centerAnchorX" : 0.84933333333333338,
        "centerAnchorY" : 0.80541871921182262,
        "children" : [

        ],
        "clip" : false,
        "codeOverrideEnabled" : false,
        "constraintsLocked" : false,
        "contrast" : 100,
        "contrastEnabled" : 0,
        "deviceType" : null,
        "exportOptions" : [

        ],
        "fillColor" : "rgba(255,255,255,1)",
        "fillEnabled" : true,
        "fillGradient" : {
          "__class" : "LinearGradient",
          "alpha" : 1,
          "angle" : 0,
          "end" : "rgba(0,0,0,0)",
          "start" : "black"
        },
        "fillImage" : "3uM7HB5irftmX4GmE9j4wu0jZuY.png",
        "fillImagePixelHeight" : 262,
        "fillImagePixelWidth" : 742,
        "fillImageResize" : "fill",
        "fillType" : "image",
        "grayscale" : 0,
        "grayScaleEnabled" : 0,
        "height" : 132,
        "heightType" : 0,
        "hueRotate" : 0,
        "hueRotateEnabled" : 0,
        "id" : "o8l37zGIM",
        "intrinsicHeight" : 131,
        "intrinsicWidth" : 371,
        "invert" : 0,
        "invertEnabled" : 0,
        "isExternalMaster" : null,
        "isMaster" : false,
        "isTarget" : false,
        "left" : 471,
        "locked" : false,
        "name" : null,
        "navigationTarget" : null,
        "navigationTransition" : "push",
        "navigationTransitionBackdropColor" : "rgba(4,4,15,.4)",
        "navigationTransitionDirection" : "left",
        "opacity" : 1,
        "originalid" : null,
        "parentid" : "NdzXAUec4",
        "previewSettings" : null,
        "radius" : 0,
        "radiusBottomLeft" : 0,
        "radiusBottomRight" : 0,
        "radiusIsRelative" : false,
        "radiusPerCorner" : false,
        "radiusTopLeft" : 0,
        "radiusTopRight" : 0,
        "replicaInfo" : null,
        "right" : null,
        "rotation" : 0,
        "saturate" : 100,
        "saturateEnabled" : 0,
        "sepia" : 0,
        "sepiaEnabled" : 0,
        "top" : 446,
        "visible" : true,
        "width" : 374,
        "widthType" : 0
      },
      {
        "__class" : "FrameNode",
        "aspectRatio" : 1.1986531986531987,
        "blendingEnabled" : 0,
        "blendingMode" : "normal",
        "blur" : 12,
        "blurEnabled" : 0,
        "blurType" : "layer",
        "borderBottom" : 1,
        "borderColor" : "#222",
        "borderEnabled" : 0,
        "borderLeft" : 1,
        "borderPerSide" : false,
        "borderRight" : 1,
        "borderStyle" : "solid",
        "borderTop" : 1,
        "borderWidth" : 1,
        "bottom" : null,
        "boxShadows" : [

        ],
        "brightness" : 100,
        "brightnessEnabled" : 0,
        "centerAnchorX" : 0,
        "centerAnchorY" : 0,
        "children" : [

        ],
        "clip" : false,
        "codeOverrideEnabled" : false,
        "constraintsLocked" : false,
        "contrast" : 100,
        "contrastEnabled" : 0,
        "deviceType" : null,
        "exportOptions" : [

        ],
        "fillColor" : "rgba(255,255,255,1)",
        "fillEnabled" : true,
        "fillGradient" : {
          "__class" : "LinearGradient",
          "alpha" : 1,
          "angle" : 0,
          "end" : "rgba(0,0,0,0)",
          "start" : "black"
        },
        "fillImage" : "JfearuHnBkw0PFMy8zqjhgU53g.png",
        "fillImagePixelHeight" : 594,
        "fillImagePixelWidth" : 712,
        "fillImageResize" : "fill",
        "fillType" : "image",
        "grayscale" : 0,
        "grayScaleEnabled" : 0,
        "height" : 297,
        "heightType" : 0,
        "hueRotate" : 0,
        "hueRotateEnabled" : 0,
        "id" : "eI99SlaEB",
        "intrinsicHeight" : 297,
        "intrinsicWidth" : 356,
        "invert" : 0,
        "invertEnabled" : 0,
        "isExternalMaster" : null,
        "isMaster" : false,
        "isTarget" : false,
        "left" : 710,
        "locked" : false,
        "name" : null,
        "navigationTarget" : null,
        "navigationTransition" : "push",
        "navigationTransitionBackdropColor" : "rgba(4,4,15,.4)",
        "navigationTransitionDirection" : "left",
        "opacity" : 1,
        "originalid" : null,
        "parentid" : "NdzXAUec4",
        "previewSettings" : null,
        "radius" : 0,
        "radiusBottomLeft" : 0,
        "radiusBottomRight" : 0,
        "radiusIsRelative" : false,
        "radiusPerCorner" : false,
        "radiusTopLeft" : 0,
        "radiusTopRight" : 0,
        "replicaInfo" : null,
        "right" : null,
        "rotation" : 0,
        "saturate" : 100,
        "saturateEnabled" : 0,
        "sepia" : 0,
        "sepiaEnabled" : 0,
        "top" : 1308,
        "visible" : true,
        "width" : 356,
        "widthType" : 0
      },
      {
        "__class" : "FrameNode",
        "aspectRatio" : 0.7526427061310782,
        "blendingEnabled" : 0,
        "blendingMode" : "normal",
        "blur" : 12,
        "blurEnabled" : 0,
        "blurType" : "layer",
        "borderBottom" : 1,
        "borderColor" : "#222",
        "borderEnabled" : 0,
        "borderLeft" : 1,
        "borderPerSide" : false,
        "borderRight" : 1,
        "borderStyle" : "solid",
        "borderTop" : 1,
        "borderWidth" : 1,
        "bottom" : null,
        "boxShadows" : [

        ],
        "brightness" : 100,
        "brightnessEnabled" : 0,
        "centerAnchorX" : 0,
        "centerAnchorY" : 0,
        "children" : [

        ],
        "clip" : false,
        "codeOverrideEnabled" : false,
        "constraintsLocked" : false,
        "contrast" : 100,
        "contrastEnabled" : 0,
        "deviceType" : null,
        "exportOptions" : [

        ],
        "fillColor" : "rgba(255,255,255,1)",
        "fillEnabled" : true,
        "fillGradient" : {
          "__class" : "LinearGradient",
          "alpha" : 1,
          "angle" : 0,
          "end" : "rgba(0,0,0,0)",
          "start" : "black"
        },
        "fillImage" : "ODB0visj1jX61O35kQdL92znv4w.png",
        "fillImagePixelHeight" : 946,
        "fillImagePixelWidth" : 712,
        "fillImageResize" : "fill",
        "fillType" : "image",
        "grayscale" : 0,
        "grayScaleEnabled" : 0,
        "height" : 473,
        "heightType" : 0,
        "hueRotate" : 0,
        "hueRotateEnabled" : 0,
        "id" : "vdxB8Faln",
        "intrinsicHeight" : 473,
        "intrinsicWidth" : 356,
        "invert" : 0,
        "invertEnabled" : 0,
        "isExternalMaster" : null,
        "isMaster" : false,
        "isTarget" : false,
        "left" : 811,
        "locked" : false,
        "name" : null,
        "navigationTarget" : null,
        "navigationTransition" : "push",
        "navigationTransitionBackdropColor" : "rgba(4,4,15,.4)",
        "navigationTransitionDirection" : "left",
        "opacity" : 1,
        "originalid" : null,
        "parentid" : "NdzXAUec4",
        "previewSettings" : null,
        "radius" : 0,
        "radiusBottomLeft" : 0,
        "radiusBottomRight" : 0,
        "radiusIsRelative" : false,
        "radiusPerCorner" : false,
        "radiusTopLeft" : 0,
        "radiusTopRight" : 0,
        "replicaInfo" : null,
        "right" : null,
        "rotation" : 0,
        "saturate" : 100,
        "saturateEnabled" : 0,
        "sepia" : 0,
        "sepiaEnabled" : 0,
        "top" : 800,
        "visible" : true,
        "width" : 356,
        "widthType" : 0
      }
    ],
    "id" : "NdzXAUec4",
    "name" : null,
    "originalid" : null,
    "parentid" : null,
    "visible" : false
  },
  "version" : 48
}