{
  "root" : {
    "__class" : "RootNode",
    "children" : [
      {
        "__class" : "FrameNode",
        "aspectRatio" : null,
        "blendingEnabled" : 0,
        "blendingMode" : "normal",
        "blur" : 12,
        "blurEnabled" : 0,
        "blurType" : "layer",
        "borderBottom" : 1,
        "borderColor" : "#222",
        "borderEnabled" : 0,
        "borderLeft" : 1,
        "borderPerSide" : false,
        "borderRight" : 1,
        "borderStyle" : "solid",
        "borderTop" : 1,
        "borderWidth" : 1,
        "bottom" : null,
        "boxShadows" : [

        ],
        "brightness" : 100,
        "brightnessEnabled" : 0,
        "centerAnchorX" : 0,
        "centerAnchorY" : 0,
        "children" : [
          {
            "__class" : "FrameNode",
            "aspectRatio" : 1.8275862068965518,
            "blendingEnabled" : 0,
            "blendingMode" : "normal",
            "blur" : 12,
            "blurEnabled" : 0,
            "blurType" : "layer",
            "borderBottom" : 1,
            "borderColor" : "#222",
            "borderEnabled" : 0,
            "borderLeft" : 1,
            "borderPerSide" : false,
            "borderRight" : 1,
            "borderStyle" : "solid",
            "borderTop" : 1,
            "borderWidth" : 1,
            "bottom" : null,
            "boxShadows" : [

            ],
            "brightness" : 100,
            "brightnessEnabled" : 0,
            "centerAnchorX" : 0.5,
            "centerAnchorY" : 0.18041871921182265,
            "children" : [

            ],
            "clip" : false,
            "codeOverrideEnabled" : false,
            "constraintsLocked" : false,
            "contrast" : 100,
            "contrastEnabled" : 0,
            "deviceType" : null,
            "exportOptions" : [

            ],
            "fillColor" : "rgba(255,255,255,1)",
            "fillEnabled" : true,
            "fillGradient" : {
              "__class" : "LinearGradient",
              "alpha" : 1,
              "angle" : 0,
              "end" : "rgba(0,0,0,0)",
              "start" : "black"
            },
            "fillImage" : "9cf8Gd2HQ0XXJbLfISLKXFmvXg.png",
            "fillImagePixelHeight" : 406,
            "fillImagePixelWidth" : 742,
            "fillImageResize" : "fill",
            "fillType" : "image",
            "grayscale" : 0,
            "grayScaleEnabled" : 0,
            "height" : 205,
            "heightType" : 0,
            "hueRotate" : 0,
            "hueRotateEnabled" : 0,
            "id" : "zwUQZHARX",
            "intrinsicHeight" : 203,
            "intrinsicWidth" : 371,
            "invert" : 0,
            "invertEnabled" : 0,
            "isExternalMaster" : null,
            "isMaster" : false,
            "isTarget" : false,
            "left" : 0,
            "locked" : false,
            "name" : null,
            "navigationTarget" : null,
            "navigationTransition" : "push",
            "navigationTransitionBackdropColor" : "rgba(4,4,15,.4)",
            "navigationTransitionDirection" : "left",
            "opacity" : 1,
            "originalid" : null,
            "parentid" : "synWls6ky",
            "previewSettings" : null,
            "radius" : 0,
            "radiusBottomLeft" : 0,
            "radiusBottomRight" : 0,
            "radiusIsRelative" : false,
            "radiusPerCorner" : false,
            "radiusTopLeft" : 0,
            "radiusTopRight" : 0,
            "replicaInfo" : null,
            "right" : 0,
            "rotation" : 0,
            "saturate" : 100,
            "saturateEnabled" : 0,
            "sepia" : 0,
            "sepiaEnabled" : 0,
            "top" : 44,
            "visible" : true,
            "width" : 375,
            "widthType" : 0
          },
          {
            "__class" : "FrameNode",
            "aspectRatio" : null,
            "blendingEnabled" : 0,
            "blendingMode" : "normal",
            "blur" : 12,
            "blurEnabled" : 0,
            "blurType" : "layer",
            "borderBottom" : 1,
            "borderColor" : "#222",
            "borderEnabled" : 0,
            "borderLeft" : 1,
            "borderPerSide" : false,
            "borderRight" : 1,
            "borderStyle" : "solid",
            "borderTop" : 1,
            "borderWidth" : 1,
            "bottom" : 83,
            "boxShadows" : [

            ],
            "brightness" : 100,
            "brightnessEnabled" : 0,
            "centerAnchorX" : 0.5,
            "centerAnchorY" : 0.44889162561576357,
            "children" : [
              {
                "__class" : "FrameNode",
                "aspectRatio" : null,
                "blendingEnabled" : 0,
                "blendingMode" : "normal",
                "blur" : 12,
                "blurEnabled" : 0,
                "blurType" : "layer",
                "borderBottom" : 1,
                "borderColor" : "#222",
                "borderEnabled" : 0,
                "borderLeft" : 1,
                "borderPerSide" : false,
                "borderRight" : 1,
                "borderStyle" : "solid",
                "borderTop" : 1,
                "borderWidth" : 1,
                "bottom" : -747,
                "boxShadows" : [
                  {
                    "__class" : "BoxShadow",
                    "blur" : 20,
                    "color" : "hsla(0, 0%, 0%, 0.01)",
                    "enabled" : true,
                    "inset" : false,
                    "spread" : 6,
                    "x" : 0,
                    "y" : 0
                  }
                ],
                "brightness" : 100,
                "brightnessEnabled" : 0,
                "centerAnchorX" : 0.5,
                "centerAnchorY" : 1.4753086419753085,
                "children" : [
                  {
                    "__class" : "FrameNode",
                    "aspectRatio" : null,
                    "blendingEnabled" : 0,
                    "blendingMode" : "normal",
                    "bottom" : null,
                    "centerAnchorX" : 0.10289855072463767,
                    "centerAnchorY" : 0.17602996254681649,
                    "children" : [
                      {
                        "__class" : "TextNode",
                        "autoSize" : true,
                        "bottom" : null,
                        "centerAnchorX" : 0.44444444444444442,
                        "centerAnchorY" : 0.16304347826086957,
                        "codeOverrideEnabled" : false,
                        "constraintsLocked" : false,
                        "exportOptions" : [

                        ],
                        "height" : 15,
                        "heightType" : 0,
                        "id" : "bGzvQwszw",
                        "isTarget" : false,
                        "left" : null,
                        "locked" : false,
                        "name" : null,
                        "opacity" : 1,
                        "originalid" : null,
                        "parentid" : "e8gyAp4If",
                        "right" : null,
                        "rotation" : 0,
                        "styledText" : {
                          "__class" : "StyledTextDraft",
                          "blocks" : [
                            {
                              "data" : {
                                "emptyStyle" : [
                                  "BOLD",
                                  "FONT:SpoqaHanSans-Regular",
                                  "COLOR:hsl(0, 0%, 100%)",
                                  "SIZE:13",
                                  "LETTERSPACING:0"
                                ]
                              },
                              "depth" : 0,
                              "entityRanges" : [

                              ],
                              "inlineStyleRanges" : [
                                {
                                  "length" : 4,
                                  "offset" : 0,
                                  "style" : "BOLD"
                                },
                                {
                                  "length" : 4,
                                  "offset" : 0,
                                  "style" : "FONT:SpoqaHanSans-Regular"
                                },
                                {
                                  "length" : 4,
                                  "offset" : 0,
                                  "style" : "COLOR:hsl(0, 0%, 100%)"
                                },
                                {
                                  "length" : 4,
                                  "offset" : 0,
                                  "style" : "SIZE:13"
                                },
                                {
                                  "length" : 4,
                                  "offset" : 0,
                                  "style" : "LETTERSPACING:0"
                                }
                              ],
                              "key" : "5ce4l",
                              "text" : "내 자산",
                              "type" : "unstyled"
                            }
                          ],
                          "cached" : {
                            "html" : "<div data-offset-key=\"5ce4l-0-0\" class=\"public-DraftStyleDefault-block public-DraftStyleDefault-ltr\"><span data-offset-key=\"5ce4l-0-0\" style=\"font-weight:400;tab-size:4;font-family:&quot;SpoqaHanSans-Regular&quot;, &quot;SpoqaHanSans&quot;, sans-serif;-webkit-text-fill-color:hsl(0, 0%, 100%);font-size:13px;letter-spacing:0px;line-height:1.2\"><span data-text=\"true\">내 자산<\/span><\/span><\/div>",
                            "os" : "10_14",
                            "size" : {
                              "height" : 15,
                              "width" : 40
                            },
                            "width" : 0
                          },
                          "entityMap" : {

                          }
                        },
                        "top" : 0,
                        "visible" : true,
                        "width" : 40,
                        "widthType" : 0,
                        "x" : 16,
                        "y" : 0
                      },
                      {
                        "__class" : "TextNode",
                        "autoSize" : true,
                        "bottom" : 0,
                        "centerAnchorX" : 0.5,
                        "centerAnchorY" : 0.67391304347826086,
                        "codeOverrideEnabled" : false,
                        "constraintsLocked" : false,
                        "exportOptions" : [

                        ],
                        "height" : 30,
                        "heightType" : 0,
                        "id" : "KsrWq8QpM",
                        "isTarget" : false,
                        "left" : null,
                        "locked" : false,
                        "name" : null,
                        "opacity" : 1,
                        "originalid" : null,
                        "parentid" : "e8gyAp4If",
                        "right" : null,
                        "rotation" : 0,
                        "styledText" : {
                          "__class" : "StyledTextDraft",
                          "blocks" : [
                            {
                              "data" : {
                                "emptyStyle" : [
                                  "BOLD",
                                  "COLOR:hsl(0, 0%, 100%)",
                                  "LETTERSPACING:0",
                                  "FONT:SpoqaHanSans-Bold",
                                  "SIZE:25"
                                ]
                              },
                              "depth" : 0,
                              "entityRanges" : [

                              ],
                              "inlineStyleRanges" : [
                                {
                                  "length" : 3,
                                  "offset" : 0,
                                  "style" : "BOLD"
                                },
                                {
                                  "length" : 3,
                                  "offset" : 0,
                                  "style" : "COLOR:hsl(0, 0%, 100%)"
                                },
                                {
                                  "length" : 3,
                                  "offset" : 0,
                                  "style" : "LETTERSPACING:0"
                                },
                                {
                                  "length" : 3,
                                  "offset" : 0,
                                  "style" : "FONT:SpoqaHanSans-Bold"
                                },
                                {
                                  "length" : 3,
                                  "offset" : 0,
                                  "style" : "SIZE:25"
                                }
                              ],
                              "key" : "5ce4l",
                              "text" : "0 원",
                              "type" : "unstyled"
                            }
                          ],
                          "cached" : {
                            "html" : "<div data-offset-key=\"5ce4l-0-0\" class=\"public-DraftStyleDefault-block public-DraftStyleDefault-ltr\"><span data-offset-key=\"5ce4l-0-0\" style=\"font-weight:700;tab-size:4;font-family:&quot;SpoqaHanSans-Bold&quot;, &quot;SpoqaHanSans&quot;, sans-serif;-webkit-text-fill-color:hsl(0, 0%, 100%);font-size:25px;letter-spacing:0px;line-height:1.2\"><span data-text=\"true\">0 원<\/span><\/span><\/div>",
                            "os" : "10_14",
                            "size" : {
                              "height" : 30,
                              "width" : 45
                            },
                            "width" : 0
                          },
                          "entityMap" : {

                          }
                        },
                        "top" : null,
                        "visible" : true,
                        "width" : 45,
                        "widthType" : 0,
                        "x" : 16,
                        "y" : 0
                      }
                    ],
                    "clip" : false,
                    "codeOverrideEnabled" : false,
                    "constraintsLocked" : false,
                    "deviceType" : null,
                    "exportOptions" : [

                    ],
                    "fillColor" : "rgba(255,255,255,1)",
                    "fillEnabled" : false,
                    "fillGradient" : {
                      "__class" : "LinearGradient",
                      "alpha" : 1,
                      "angle" : 0,
                      "end" : "rgba(0,0,0,0)",
                      "start" : "black"
                    },
                    "fillImage" : null,
                    "fillImagePixelHeight" : null,
                    "fillImagePixelWidth" : null,
                    "fillImageResize" : "fill",
                    "fillType" : "color",
                    "height" : 46,
                    "heightType" : 0,
                    "id" : "e8gyAp4If",
                    "intrinsicHeight" : null,
                    "intrinsicWidth" : null,
                    "isExternalMaster" : null,
                    "isMaster" : false,
                    "isTarget" : false,
                    "left" : 13,
                    "locked" : false,
                    "name" : "texts-2",
                    "navigationTarget" : null,
                    "navigationTransition" : "push",
                    "navigationTransitionBackdropColor" : "rgba(4,4,15,.4)",
                    "navigationTransitionDirection" : "left",
                    "opacity" : 1,
                    "originalid" : null,
                    "parentid" : "B1Qs7oqfr",
                    "previewSettings" : null,
                    "radius" : 0,
                    "radiusBottomLeft" : 0,
                    "radiusBottomRight" : 0,
                    "radiusIsRelative" : false,
                    "radiusPerCorner" : false,
                    "radiusTopLeft" : 0,
                    "radiusTopRight" : 0,
                    "replicaInfo" : null,
                    "right" : null,
                    "rotation" : 0,
                    "top" : 118,
                    "visible" : true,
                    "width" : 45,
                    "widthType" : 0
                  },
                  {
                    "__class" : "FrameNode",
                    "aspectRatio" : null,
                    "blendingEnabled" : 0,
                    "blendingMode" : "normal",
                    "bottom" : null,
                    "centerAnchorX" : 0.19130434782608696,
                    "centerAnchorY" : 0.036204744069912607,
                    "children" : [
                      {
                        "__class" : "TextNode",
                        "autoSize" : true,
                        "bottom" : null,
                        "centerAnchorX" : 0.2107843137254902,
                        "centerAnchorY" : 0.5,
                        "codeOverrideEnabled" : false,
                        "constraintsLocked" : false,
                        "exportOptions" : [

                        ],
                        "height" : 18,
                        "heightType" : 0,
                        "id" : "OFLx0_kqP",
                        "isTarget" : false,
                        "left" : 0,
                        "locked" : false,
                        "name" : null,
                        "opacity" : 1,
                        "originalid" : null,
                        "parentid" : "NWgB8pZcD",
                        "right" : null,
                        "rotation" : 0,
                        "styledText" : {
                          "__class" : "StyledTextDraft",
                          "blocks" : [
                            {
                              "data" : {
                                "emptyStyle" : [
                                  "FONT:SpoqaHanSans-Bold",
                                  "SIZE:15",
                                  "BOLD",
                                  "COLOR:#FFFFFF"
                                ]
                              },
                              "depth" : 0,
                              "entityRanges" : [

                              ],
                              "inlineStyleRanges" : [
                                {
                                  "length" : 3,
                                  "offset" : 0,
                                  "style" : "FONT:SpoqaHanSans-Bold"
                                },
                                {
                                  "length" : 3,
                                  "offset" : 0,
                                  "style" : "SIZE:15"
                                },
                                {
                                  "length" : 3,
                                  "offset" : 0,
                                  "style" : "BOLD"
                                },
                                {
                                  "length" : 3,
                                  "offset" : 0,
                                  "style" : "COLOR:#FFFFFF"
                                }
                              ],
                              "key" : "5ce4l",
                              "text" : "지용민",
                              "type" : "unstyled"
                            }
                          ],
                          "cached" : {
                            "html" : "<div data-offset-key=\"5ce4l-0-0\" class=\"public-DraftStyleDefault-block public-DraftStyleDefault-ltr\"><span data-offset-key=\"5ce4l-0-0\" style=\"font-weight:1000;tab-size:4;font-family:&quot;SpoqaHanSans-Bold&quot;, &quot;SpoqaHanSans&quot;, sans-serif;-webkit-text-fill-color:#FFFFFF;font-size:15px;letter-spacing:0px;line-height:1.2\"><span data-text=\"true\">지용민<\/span><\/span><\/div>",
                            "os" : "10_14",
                            "size" : {
                              "height" : 18,
                              "width" : 43
                            },
                            "width" : 0
                          },
                          "entityMap" : {

                          }
                        },
                        "top" : null,
                        "visible" : true,
                        "width" : 43,
                        "widthType" : 0,
                        "x" : 16,
                        "y" : 0
                      },
                      {
                        "__class" : "TextNode",
                        "autoSize" : true,
                        "bottom" : null,
                        "centerAnchorX" : 0.71078431372549022,
                        "centerAnchorY" : 0.5,
                        "codeOverrideEnabled" : false,
                        "constraintsLocked" : false,
                        "exportOptions" : [

                        ],
                        "height" : 18,
                        "heightType" : 0,
                        "id" : "VSdvjXt_T",
                        "isTarget" : false,
                        "left" : null,
                        "locked" : false,
                        "name" : null,
                        "opacity" : 1,
                        "originalid" : null,
                        "parentid" : "NWgB8pZcD",
                        "right" : 0,
                        "rotation" : 0,
                        "styledText" : {
                          "__class" : "StyledTextDraft",
                          "blocks" : [
                            {
                              "data" : {
                                "emptyStyle" : [
                                  "SIZE:15",
                                  "BOLD",
                                  "FONT:SpoqaHanSans-Regular",
                                  "COLOR:hsl(0, 0%, 100%)",
                                  "LETTERSPACING:-0.2"
                                ]
                              },
                              "depth" : 0,
                              "entityRanges" : [

                              ],
                              "inlineStyleRanges" : [
                                {
                                  "length" : 5,
                                  "offset" : 0,
                                  "style" : "SIZE:15"
                                },
                                {
                                  "length" : 5,
                                  "offset" : 0,
                                  "style" : "BOLD"
                                },
                                {
                                  "length" : 5,
                                  "offset" : 0,
                                  "style" : "FONT:SpoqaHanSans-Regular"
                                },
                                {
                                  "length" : 5,
                                  "offset" : 0,
                                  "style" : "COLOR:hsl(0, 0%, 100%)"
                                },
                                {
                                  "length" : 5,
                                  "offset" : 0,
                                  "style" : "LETTERSPACING:-0.2"
                                }
                              ],
                              "key" : "5ce4l",
                              "text" : "님의 계좌",
                              "type" : "unstyled"
                            }
                          ],
                          "cached" : {
                            "html" : "<div data-offset-key=\"5ce4l-0-0\" class=\"public-DraftStyleDefault-block public-DraftStyleDefault-ltr\"><span data-offset-key=\"5ce4l-0-0\" style=\"font-weight:400;tab-size:4;font-family:&quot;SpoqaHanSans-Regular&quot;, &quot;SpoqaHanSans&quot;, sans-serif;-webkit-text-fill-color:hsl(0, 0%, 100%);font-size:15px;letter-spacing:-0.2px;line-height:1.2\"><span data-text=\"true\">님의 계좌<\/span><\/span><\/div>",
                            "os" : "10_14",
                            "size" : {
                              "height" : 18,
                              "width" : 59
                            },
                            "width" : 0
                          },
                          "entityMap" : {

                          }
                        },
                        "top" : null,
                        "visible" : true,
                        "width" : 59,
                        "widthType" : 0,
                        "x" : 16,
                        "y" : 0
                      }
                    ],
                    "clip" : false,
                    "codeOverrideEnabled" : false,
                    "constraintsLocked" : false,
                    "deviceType" : null,
                    "exportOptions" : [

                    ],
                    "fillColor" : "rgba(255,255,255,1)",
                    "fillEnabled" : false,
                    "fillGradient" : {
                      "__class" : "LinearGradient",
                      "alpha" : 1,
                      "angle" : 0,
                      "end" : "rgba(0,0,0,0)",
                      "start" : "black"
                    },
                    "fillImage" : null,
                    "fillImagePixelHeight" : null,
                    "fillImagePixelWidth" : null,
                    "fillImageResize" : "fill",
                    "fillType" : "color",
                    "height" : 18,
                    "heightType" : 0,
                    "id" : "NWgB8pZcD",
                    "intrinsicHeight" : null,
                    "intrinsicWidth" : null,
                    "isExternalMaster" : null,
                    "isMaster" : false,
                    "isTarget" : false,
                    "left" : 15,
                    "locked" : false,
                    "name" : "texts-1",
                    "navigationTarget" : null,
                    "navigationTransition" : "push",
                    "navigationTransitionBackdropColor" : "rgba(4,4,15,.4)",
                    "navigationTransitionDirection" : "left",
                    "opacity" : 1,
                    "originalid" : null,
                    "parentid" : "B1Qs7oqfr",
                    "previewSettings" : null,
                    "radius" : 0,
                    "radiusBottomLeft" : 0,
                    "radiusBottomRight" : 0,
                    "radiusIsRelative" : false,
                    "radiusPerCorner" : false,
                    "radiusTopLeft" : 0,
                    "radiusTopRight" : 0,
                    "replicaInfo" : null,
                    "right" : null,
                    "rotation" : 0,
                    "top" : 20,
                    "visible" : true,
                    "width" : 102,
                    "widthType" : 0
                  },
                  {
                    "__class" : "CodeComponentNode",
                    "aspectRatio" : null,
                    "blur" : 12,
                    "blurEnabled" : 0,
                    "blurType" : "layer",
                    "borderBottom" : 1,
                    "borderColor" : "#222",
                    "borderEnabled" : 0,
                    "borderLeft" : 1,
                    "borderPerSide" : false,
                    "borderRight" : 1,
                    "borderStyle" : "solid",
                    "borderTop" : 1,
                    "borderWidth" : 1,
                    "bottom" : null,
                    "boxShadows" : [

                    ],
                    "brightness" : 100,
                    "brightnessEnabled" : 0,
                    "centerAnchorX" : 0.5,
                    "centerAnchorY" : 0.035580524344569285,
                    "children" : [

                    ],
                    "clip" : true,
                    "codeComponentIdentifier" : ".\/DragCloseBar.tsx_DragCloseBar",
                    "codeComponentProps" : {

                    },
                    "codeOverrideEnabled" : true,
                    "codeOverrideFile" : ".\/App.tsx",
                    "codeOverrideIdentifier" : ".\/App.tsx_DragCloseBar",
                    "codeOverrideName" : "DragCloseBar",
                    "constraintsLocked" : false,
                    "contrast" : 100,
                    "contrastEnabled" : 0,
                    "exportOptions" : [

                    ],
                    "fillColor" : "rgba(255,255,255,1)",
                    "fillEnabled" : false,
                    "fillGradient" : {
                      "__class" : "LinearGradient",
                      "alpha" : 1,
                      "angle" : 0,
                      "end" : "rgba(0,0,0,0)",
                      "start" : "black"
                    },
                    "fillImage" : null,
                    "fillImagePixelHeight" : null,
                    "fillImagePixelWidth" : null,
                    "fillImageResize" : "fill",
                    "fillType" : "color",
                    "grayscale" : 0,
                    "grayScaleEnabled" : 0,
                    "height" : 57,
                    "heightType" : 0,
                    "hueRotate" : 0,
                    "hueRotateEnabled" : 0,
                    "id" : "VjO4b4gco",
                    "intrinsicHeight" : null,
                    "intrinsicWidth" : null,
                    "invert" : 0,
                    "invertEnabled" : 0,
                    "left" : 0,
                    "locked" : false,
                    "name" : null,
                    "opacity" : 1,
                    "originalid" : null,
                    "parentid" : "B1Qs7oqfr",
                    "radius" : 0,
                    "radiusBottomLeft" : 0,
                    "radiusBottomRight" : 0,
                    "radiusIsRelative" : false,
                    "radiusPerCorner" : false,
                    "radiusTopLeft" : 0,
                    "radiusTopRight" : 0,
                    "right" : 0,
                    "rotation" : 0,
                    "saturate" : 100,
                    "saturateEnabled" : 0,
                    "sepia" : 0,
                    "sepiaEnabled" : 0,
                    "top" : 0,
                    "visible" : false,
                    "width" : 345,
                    "widthType" : 0
                  },
                  {
                    "__class" : "FrameNode",
                    "aspectRatio" : null,
                    "blendingEnabled" : 0,
                    "blendingMode" : "normal",
                    "bottom" : null,
                    "centerAnchorX" : 0.5,
                    "centerAnchorY" : 0.079275905118601747,
                    "children" : [

                    ],
                    "clip" : false,
                    "codeOverrideEnabled" : false,
                    "constraintsLocked" : false,
                    "deviceType" : null,
                    "exportOptions" : [

                    ],
                    "fillColor" : "rgba(91, 126, 216, 1.00)",
                    "fillEnabled" : true,
                    "fillGradient" : {
                      "__class" : "LinearGradient",
                      "alpha" : 1,
                      "angle" : 0,
                      "end" : "rgba(0,0,0,0)",
                      "start" : "black"
                    },
                    "fillImage" : null,
                    "fillImagePixelHeight" : null,
                    "fillImagePixelWidth" : null,
                    "fillImageResize" : "fill",
                    "fillType" : "color",
                    "height" : 33,
                    "heightType" : 0,
                    "id" : "f9WlgqYff",
                    "intrinsicHeight" : null,
                    "intrinsicWidth" : null,
                    "isExternalMaster" : null,
                    "isMaster" : false,
                    "isTarget" : false,
                    "left" : 0,
                    "locked" : false,
                    "name" : null,
                    "navigationTarget" : null,
                    "navigationTransition" : "push",
                    "navigationTransitionBackdropColor" : "rgba(4,4,15,.4)",
                    "navigationTransitionDirection" : "left",
                    "opacity" : 1,
                    "originalid" : null,
                    "parentid" : "B1Qs7oqfr",
                    "previewSettings" : null,
                    "radius" : 0,
                    "radiusBottomLeft" : 0,
                    "radiusBottomRight" : 0,
                    "radiusIsRelative" : false,
                    "radiusPerCorner" : false,
                    "radiusTopLeft" : 0,
                    "radiusTopRight" : 0,
                    "replicaInfo" : null,
                    "right" : 0,
                    "rotation" : 0,
                    "top" : 47,
                    "visible" : false,
                    "width" : 345,
                    "widthType" : 0
                  },
                  {
                    "__class" : "FrameNode",
                    "aspectRatio" : null,
                    "blendingEnabled" : 0,
                    "blendingMode" : "normal",
                    "bottom" : null,
                    "centerAnchorX" : 0.5,
                    "centerAnchorY" : 0.37016229712858928,
                    "children" : [
                      {
                        "__class" : "FrameNode",
                        "aspectRatio" : 1.1986531986531987,
                        "blendingEnabled" : 0,
                        "blendingMode" : "normal",
                        "blur" : 12,
                        "blurEnabled" : 0,
                        "blurType" : "layer",
                        "borderBottom" : 1,
                        "borderColor" : "#222",
                        "borderEnabled" : 0,
                        "borderLeft" : 1,
                        "borderPerSide" : false,
                        "borderRight" : 1,
                        "borderStyle" : "solid",
                        "borderTop" : 1,
                        "borderWidth" : 1,
                        "bottom" : -97,
                        "boxShadows" : [

                        ],
                        "brightness" : 100,
                        "brightnessEnabled" : 0,
                        "centerAnchorX" : 0.5,
                        "centerAnchorY" : 0.78491620111731841,
                        "children" : [

                        ],
                        "clip" : false,
                        "codeOverrideEnabled" : false,
                        "constraintsLocked" : false,
                        "contrast" : 100,
                        "contrastEnabled" : 0,
                        "deviceType" : null,
                        "exportOptions" : [

                        ],
                        "fillColor" : "rgba(255,255,255,1)",
                        "fillEnabled" : true,
                        "fillGradient" : {
                          "__class" : "LinearGradient",
                          "alpha" : 1,
                          "angle" : 0,
                          "end" : "rgba(0,0,0,0)",
                          "start" : "black"
                        },
                        "fillImage" : "JfearuHnBkw0PFMy8zqjhgU53g.png",
                        "fillImagePixelHeight" : 594,
                        "fillImagePixelWidth" : 712,
                        "fillImageResize" : "fill",
                        "fillType" : "image",
                        "grayscale" : 0,
                        "grayScaleEnabled" : 0,
                        "height" : 271,
                        "heightType" : 0,
                        "hueRotate" : 0,
                        "hueRotateEnabled" : 0,
                        "id" : "eI99SlaEB",
                        "intrinsicHeight" : 297,
                        "intrinsicWidth" : 356,
                        "invert" : 0,
                        "invertEnabled" : 0,
                        "isExternalMaster" : null,
                        "isMaster" : false,
                        "isTarget" : false,
                        "left" : 10,
                        "locked" : false,
                        "name" : "content-1",
                        "navigationTarget" : null,
                        "navigationTransition" : "push",
                        "navigationTransitionBackdropColor" : "rgba(4,4,15,.4)",
                        "navigationTransitionDirection" : "left",
                        "opacity" : 1,
                        "originalid" : null,
                        "parentid" : "w1bGxJDHK",
                        "previewSettings" : null,
                        "radius" : 0,
                        "radiusBottomLeft" : 0,
                        "radiusBottomRight" : 0,
                        "radiusIsRelative" : false,
                        "radiusPerCorner" : false,
                        "radiusTopLeft" : 0,
                        "radiusTopRight" : 0,
                        "replicaInfo" : null,
                        "right" : 10,
                        "rotation" : 0,
                        "saturate" : 100,
                        "saturateEnabled" : 0,
                        "sepia" : 0,
                        "sepiaEnabled" : 0,
                        "top" : null,
                        "visible" : true,
                        "width" : 325,
                        "widthType" : 0
                      }
                    ],
                    "clip" : false,
                    "codeOverrideEnabled" : false,
                    "constraintsLocked" : false,
                    "deviceType" : null,
                    "exportOptions" : [

                    ],
                    "fillColor" : "rgba(245, 245, 245, 1.00)",
                    "fillEnabled" : true,
                    "fillGradient" : {
                      "__class" : "LinearGradient",
                      "alpha" : 1,
                      "angle" : 0,
                      "end" : "rgba(0,0,0,0)",
                      "start" : "black"
                    },
                    "fillImage" : null,
                    "fillImagePixelHeight" : null,
                    "fillImagePixelWidth" : null,
                    "fillImageResize" : "fill",
                    "fillType" : "color",
                    "height" : 179,
                    "heightType" : 0,
                    "id" : "w1bGxJDHK",
                    "intrinsicHeight" : null,
                    "intrinsicWidth" : null,
                    "isExternalMaster" : null,
                    "isMaster" : false,
                    "isTarget" : false,
                    "left" : 0,
                    "locked" : false,
                    "name" : "Contents",
                    "navigationTarget" : null,
                    "navigationTransition" : "push",
                    "navigationTransitionBackdropColor" : "rgba(4,4,15,.4)",
                    "navigationTransitionDirection" : "left",
                    "opacity" : 1,
                    "originalid" : null,
                    "parentid" : "B1Qs7oqfr",
                    "previewSettings" : null,
                    "radius" : 0,
                    "radiusBottomLeft" : 0,
                    "radiusBottomRight" : 0,
                    "radiusIsRelative" : false,
                    "radiusPerCorner" : false,
                    "radiusTopLeft" : 0,
                    "radiusTopRight" : 0,
                    "replicaInfo" : null,
                    "right" : 0,
                    "rotation" : 0,
                    "top" : 207,
                    "visible" : true,
                    "width" : 345,
                    "widthType" : 0
                  }
                ],
                "clip" : false,
                "codeOverrideEnabled" : true,
                "codeOverrideFile" : ".\/App.tsx",
                "codeOverrideIdentifier" : ".\/App.tsx_Hanger",
                "codeOverrideName" : "Hanger",
                "constraintsLocked" : false,
                "contrast" : 100,
                "contrastEnabled" : 0,
                "deviceType" : null,
                "exportOptions" : [

                ],
                "fillColor" : "rgba(91, 126, 215, 1.00)",
                "fillEnabled" : true,
                "fillGradient" : {
                  "__class" : "LinearGradient",
                  "alpha" : 1,
                  "angle" : 0,
                  "end" : "rgba(0,0,0,0)",
                  "start" : "black"
                },
                "fillImage" : null,
                "fillImagePixelHeight" : null,
                "fillImagePixelWidth" : null,
                "fillImageResize" : "fill",
                "fillType" : "color",
                "grayscale" : 0,
                "grayScaleEnabled" : 0,
                "height" : 801,
                "heightType" : 0,
                "hueRotate" : 0,
                "hueRotateEnabled" : 0,
                "id" : "B1Qs7oqfr",
                "intrinsicHeight" : null,
                "intrinsicWidth" : null,
                "invert" : 0,
                "invertEnabled" : 0,
                "isExternalMaster" : null,
                "isMaster" : false,
                "isTarget" : false,
                "left" : 15,
                "locked" : false,
                "name" : "Hanger",
                "navigationTarget" : null,
                "navigationTransition" : "push",
                "navigationTransitionBackdropColor" : "rgba(4,4,15,.4)",
                "navigationTransitionDirection" : "left",
                "opacity" : 1,
                "originalid" : null,
                "parentid" : "sQmzJNVtk",
                "previewSettings" : null,
                "radius" : 0,
                "radiusBottomLeft" : 0,
                "radiusBottomRight" : 0,
                "radiusIsRelative" : false,
                "radiusPerCorner" : true,
                "radiusTopLeft" : 10,
                "radiusTopRight" : 10,
                "replicaInfo" : null,
                "right" : 15,
                "rotation" : 0,
                "saturate" : 100,
                "saturateEnabled" : 0,
                "sepia" : 0,
                "sepiaEnabled" : 0,
                "top" : null,
                "visible" : true,
                "width" : 345,
                "widthType" : 0
              }
            ],
            "clip" : true,
            "codeOverrideEnabled" : false,
            "constraintsLocked" : false,
            "contrast" : 100,
            "contrastEnabled" : 0,
            "deviceType" : null,
            "exportOptions" : [

            ],
            "fillColor" : "rgba(255,255,255,1)",
            "fillEnabled" : false,
            "fillGradient" : {
              "__class" : "LinearGradient",
              "alpha" : 1,
              "angle" : 0,
              "end" : "rgba(0,0,0,0)",
              "start" : "black"
            },
            "fillImage" : null,
            "fillImagePixelHeight" : null,
            "fillImagePixelWidth" : null,
            "fillImageResize" : "fill",
            "fillType" : "color",
            "grayscale" : 0,
            "grayScaleEnabled" : 0,
            "height" : 729,
            "heightType" : 0,
            "hueRotate" : 0,
            "hueRotateEnabled" : 0,
            "id" : "sQmzJNVtk",
            "intrinsicHeight" : null,
            "intrinsicWidth" : null,
            "invert" : 0,
            "invertEnabled" : 0,
            "isExternalMaster" : null,
            "isMaster" : false,
            "isTarget" : false,
            "left" : 0,
            "locked" : false,
            "name" : "HangerWrap",
            "navigationTarget" : null,
            "navigationTransition" : "push",
            "navigationTransitionBackdropColor" : "rgba(4,4,15,.4)",
            "navigationTransitionDirection" : "left",
            "opacity" : 1,
            "originalid" : null,
            "parentid" : "synWls6ky",
            "previewSettings" : null,
            "radius" : 0,
            "radiusBottomLeft" : 0,
            "radiusBottomRight" : 0,
            "radiusIsRelative" : false,
            "radiusPerCorner" : false,
            "radiusTopLeft" : 0,
            "radiusTopRight" : 0,
            "replicaInfo" : null,
            "right" : 0,
            "rotation" : 0,
            "saturate" : 100,
            "saturateEnabled" : 0,
            "sepia" : 0,
            "sepiaEnabled" : 0,
            "top" : 0,
            "visible" : true,
            "width" : 375,
            "widthType" : 0
          },
          {
            "__class" : "FrameNode",
            "aspectRatio" : 8.0652173913043477,
            "blendingEnabled" : 0,
            "blendingMode" : "normal",
            "blur" : 12,
            "blurEnabled" : 0,
            "blurType" : "layer",
            "borderBottom" : 1,
            "borderColor" : "#222",
            "borderEnabled" : 0,
            "borderLeft" : 1,
            "borderPerSide" : false,
            "borderRight" : 1,
            "borderStyle" : "solid",
            "borderTop" : 1,
            "borderWidth" : 1,
            "bottom" : 37,
            "boxShadows" : [

            ],
            "brightness" : 100,
            "brightnessEnabled" : 0,
            "centerAnchorX" : 0.5,
            "centerAnchorY" : 0.92610837438423643,
            "children" : [

            ],
            "clip" : false,
            "codeOverrideEnabled" : false,
            "constraintsLocked" : false,
            "contrast" : 100,
            "contrastEnabled" : 0,
            "deviceType" : null,
            "exportOptions" : [

            ],
            "fillColor" : "rgba(255,255,255,1)",
            "fillEnabled" : true,
            "fillGradient" : {
              "__class" : "LinearGradient",
              "alpha" : 1,
              "angle" : 0,
              "end" : "rgba(0,0,0,0)",
              "start" : "black"
            },
            "fillImage" : "S4FLOzJsml2FnOhh7H8Nviqz4.png",
            "fillImagePixelHeight" : 92,
            "fillImagePixelWidth" : 742,
            "fillImageResize" : "fill",
            "fillType" : "image",
            "grayscale" : 0,
            "grayScaleEnabled" : 0,
            "height" : 46,
            "heightType" : 0,
            "hueRotate" : 0,
            "hueRotateEnabled" : 0,
            "id" : "l9VOY6G9f",
            "intrinsicHeight" : 46,
            "intrinsicWidth" : 371,
            "invert" : 0,
            "invertEnabled" : 0,
            "isExternalMaster" : null,
            "isMaster" : false,
            "isTarget" : false,
            "left" : 0,
            "locked" : false,
            "name" : "Menus",
            "navigationTarget" : null,
            "navigationTransition" : "push",
            "navigationTransitionBackdropColor" : "rgba(4,4,15,.4)",
            "navigationTransitionDirection" : "left",
            "opacity" : 1,
            "originalid" : null,
            "parentid" : "synWls6ky",
            "previewSettings" : null,
            "radius" : 0,
            "radiusBottomLeft" : 0,
            "radiusBottomRight" : 0,
            "radiusIsRelative" : false,
            "radiusPerCorner" : false,
            "radiusTopLeft" : 0,
            "radiusTopRight" : 0,
            "replicaInfo" : null,
            "right" : 0,
            "rotation" : 0,
            "saturate" : 100,
            "saturateEnabled" : 0,
            "sepia" : 0,
            "sepiaEnabled" : 0,
            "top" : null,
            "visible" : true,
            "width" : 375,
            "widthType" : 0
          },
          {
            "__class" : "CodeComponentNode",
            "aspectRatio" : null,
            "blur" : 12,
            "blurEnabled" : 0,
            "blurType" : "layer",
            "borderBottom" : 1,
            "borderColor" : "#222",
            "borderEnabled" : 0,
            "borderLeft" : 1,
            "borderPerSide" : false,
            "borderRight" : 1,
            "borderStyle" : "solid",
            "borderTop" : 1,
            "borderWidth" : 1,
            "bottom" : null,
            "boxShadows" : [

            ],
            "brightness" : 100,
            "brightnessEnabled" : 0,
            "centerAnchorX" : 0.5,
            "centerAnchorY" : 0.027093596059113302,
            "children" : [

            ],
            "clip" : true,
            "codeComponentIdentifier" : "@framer\/kasimir.iphone-x-kit\/.\/Status Bar\/Status_Bar.tsx_StatusBar",
            "codeComponentProps" : {
              "appearance" : "light",
              "back" : "",
              "batteryLevel" : 100,
              "liveTime" : true,
              "location" : "none",
              "mode" : "transparent",
              "signalLevel" : 100,
              "time" : "18.00",
              "twelveHour" : false,
              "wifiLevel" : 100
            },
            "codeOverrideEnabled" : false,
            "constraintsLocked" : false,
            "contrast" : 100,
            "contrastEnabled" : 0,
            "exportOptions" : [

            ],
            "fillColor" : "rgba(255,255,255,1)",
            "fillEnabled" : false,
            "fillGradient" : {
              "__class" : "LinearGradient",
              "alpha" : 1,
              "angle" : 0,
              "end" : "rgba(0,0,0,0)",
              "start" : "black"
            },
            "fillImage" : null,
            "fillImagePixelHeight" : null,
            "fillImagePixelWidth" : null,
            "fillImageResize" : "fill",
            "fillType" : "color",
            "grayscale" : 0,
            "grayScaleEnabled" : 0,
            "height" : 44,
            "heightType" : 0,
            "hueRotate" : 0,
            "hueRotateEnabled" : 0,
            "id" : "ZZEY_9z_E",
            "intrinsicHeight" : 44,
            "intrinsicWidth" : 375,
            "invert" : 0,
            "invertEnabled" : 0,
            "left" : 0,
            "locked" : false,
            "name" : null,
            "opacity" : 1,
            "originalid" : null,
            "parentid" : "synWls6ky",
            "radius" : 0,
            "radiusBottomLeft" : 0,
            "radiusBottomRight" : 0,
            "radiusIsRelative" : false,
            "radiusPerCorner" : false,
            "radiusTopLeft" : 0,
            "radiusTopRight" : 0,
            "right" : 0,
            "rotation" : 0,
            "saturate" : 100,
            "saturateEnabled" : 0,
            "sepia" : 0,
            "sepiaEnabled" : 0,
            "top" : 0,
            "visible" : true,
            "width" : 375,
            "widthType" : 0
          },
          {
            "__class" : "CodeComponentNode",
            "aspectRatio" : null,
            "blur" : 12,
            "blurEnabled" : 0,
            "blurType" : "layer",
            "borderBottom" : 1,
            "borderColor" : "#222",
            "borderEnabled" : 0,
            "borderLeft" : 1,
            "borderPerSide" : false,
            "borderRight" : 1,
            "borderStyle" : "solid",
            "borderTop" : 1,
            "borderWidth" : 1,
            "bottom" : 0,
            "boxShadows" : [

            ],
            "brightness" : 100,
            "brightnessEnabled" : 0,
            "centerAnchorX" : 0.5,
            "centerAnchorY" : 0.97906403940886699,
            "children" : [

            ],
            "clip" : true,
            "codeComponentIdentifier" : "@framer\/kasimir.iphone-x-kit\/.\/Home Button (iPhone X)\/HomeButton.tsx_HomeButton",
            "codeComponentProps" : {
              "appearance" : "light"
            },
            "codeOverrideEnabled" : false,
            "constraintsLocked" : false,
            "contrast" : 100,
            "contrastEnabled" : 0,
            "exportOptions" : [

            ],
            "fillColor" : "rgba(255,255,255,1)",
            "fillEnabled" : false,
            "fillGradient" : {
              "__class" : "LinearGradient",
              "alpha" : 1,
              "angle" : 0,
              "end" : "rgba(0,0,0,0)",
              "start" : "black"
            },
            "fillImage" : null,
            "fillImagePixelHeight" : null,
            "fillImagePixelWidth" : null,
            "fillImageResize" : "fill",
            "fillType" : "color",
            "grayscale" : 0,
            "grayScaleEnabled" : 0,
            "height" : 34,
            "heightType" : 0,
            "hueRotate" : 0,
            "hueRotateEnabled" : 0,
            "id" : "FqLNnfqpZ",
            "intrinsicHeight" : 34,
            "intrinsicWidth" : 375,
            "invert" : 0,
            "invertEnabled" : 0,
            "left" : 0,
            "locked" : false,
            "name" : null,
            "opacity" : 1,
            "originalid" : null,
            "parentid" : "synWls6ky",
            "radius" : 0,
            "radiusBottomLeft" : 0,
            "radiusBottomRight" : 0,
            "radiusIsRelative" : false,
            "radiusPerCorner" : false,
            "radiusTopLeft" : 0,
            "radiusTopRight" : 0,
            "right" : 0,
            "rotation" : 0,
            "saturate" : 100,
            "saturateEnabled" : 0,
            "sepia" : 0,
            "sepiaEnabled" : 0,
            "top" : null,
            "visible" : true,
            "width" : 375,
            "widthType" : 0
          }
        ],
        "clip" : false,
        "codeOverrideEnabled" : false,
        "constraintsLocked" : false,
        "contrast" : 100,
        "contrastEnabled" : 0,
        "deviceType" : "framer\/FramerAppleIPhoneXS",
        "exportOptions" : [

        ],
        "fillColor" : "rgba(73, 109, 198, 1.00)",
        "fillEnabled" : true,
        "fillGradient" : {
          "__class" : "LinearGradient",
          "alpha" : 1,
          "angle" : 0,
          "end" : "rgba(0,0,0,0)",
          "start" : "black"
        },
        "fillImage" : null,
        "fillImagePixelHeight" : null,
        "fillImagePixelWidth" : null,
        "fillImageResize" : "fill",
        "fillType" : "color",
        "grayscale" : 0,
        "grayScaleEnabled" : 0,
        "height" : 812,
        "heightType" : 0,
        "hueRotate" : 0,
        "hueRotateEnabled" : 0,
        "id" : "synWls6ky",
        "intrinsicHeight" : null,
        "intrinsicWidth" : null,
        "invert" : 0,
        "invertEnabled" : 0,
        "isExternalMaster" : null,
        "isMaster" : false,
        "isTarget" : false,
        "left" : 0,
        "locked" : false,
        "name" : null,
        "navigationTarget" : null,
        "navigationTransition" : "push",
        "navigationTransitionBackdropColor" : "rgba(4,4,15,.4)",
        "navigationTransitionDirection" : "left",
        "opacity" : 1,
        "originalid" : null,
        "parentid" : "NdzXAUec4",
        "previewSettings" : null,
        "radius" : 0,
        "radiusBottomLeft" : 0,
        "radiusBottomRight" : 0,
        "radiusIsRelative" : false,
        "radiusPerCorner" : false,
        "radiusTopLeft" : 0,
        "radiusTopRight" : 0,
        "replicaInfo" : null,
        "right" : null,
        "rotation" : 0,
        "saturate" : 100,
        "saturateEnabled" : 0,
        "sepia" : 0,
        "sepiaEnabled" : 0,
        "top" : 0,
        "visible" : true,
        "width" : 375,
        "widthType" : 0
      },
      {
        "__class" : "FrameNode",
        "aspectRatio" : null,
        "blendingEnabled" : 0,
        "blendingMode" : "normal",
        "blur" : 12,
        "blurEnabled" : 0,
        "blurType" : "layer",
        "borderBottom" : 1,
        "borderColor" : "#222",
        "borderEnabled" : 0,
        "borderLeft" : 1,
        "borderPerSide" : false,
        "borderRight" : 1,
        "borderStyle" : "solid",
        "borderTop" : 1,
        "borderWidth" : 1,
        "bottom" : null,
        "boxShadows" : [

        ],
        "brightness" : 100,
        "brightnessEnabled" : 0,
        "centerAnchorX" : 0.94266666666666665,
        "centerAnchorY" : 0.84913793103448276,
        "children" : [
          {
            "__class" : "SVGNode",
            "aspectRatio" : 1,
            "blendingEnabled" : 0,
            "blendingMode" : "normal",
            "blur" : 12,
            "blurEnabled" : 0,
            "blurType" : "layer",
            "bottom" : null,
            "brightness" : 100,
            "brightnessEnabled" : 0,
            "centerAnchorX" : 0.5,
            "centerAnchorY" : 0.5,
            "children" : [

            ],
            "colorable" : false,
            "constraintsLocked" : false,
            "contrast" : 100,
            "contrastEnabled" : 0,
            "exportOptions" : [

            ],
            "fillColor" : "rgba(0,0,0,1)",
            "fillGradient" : {
              "__class" : "LinearGradient",
              "alpha" : 1,
              "angle" : 0,
              "end" : "rgba(0,0,0,0)",
              "start" : "black"
            },
            "fillImage" : null,
            "fillImagePixelHeight" : null,
            "fillImagePixelWidth" : null,
            "fillImageResize" : "fill",
            "fillType" : "color",
            "grayscale" : 0,
            "grayScaleEnabled" : 0,
            "height" : 17,
            "heightType" : 0,
            "hueRotate" : 0,
            "hueRotateEnabled" : 0,
            "id" : "KlG2V7QXT",
            "intrinsicHeight" : 182,
            "intrinsicWidth" : 182,
            "invert" : 0,
            "invertEnabled" : 0,
            "left" : 0,
            "locked" : false,
            "name" : null,
            "opacity" : 1,
            "originalFilename" : "close.svg",
            "originalid" : null,
            "parentid" : "M3JMQDW7e",
            "right" : 0,
            "rotation" : 0,
            "saturate" : 100,
            "saturateEnabled" : 0,
            "sepia" : 0,
            "sepiaEnabled" : 0,
            "shadows" : [

            ],
            "svg" : "<?xml version=\"1.0\"?><svg xmlns=\"http:\/\/www.w3.org\/2000\/svg\" width=\"182\" height=\"182\" fill=\"none\"><path d=\"M5.319 2.608A10.001 10.001 0 0 1 18.07 3.93L91 76.86l72.93-72.93a10 10 0 0 1 12.57-1.448 10.007 10.007 0 0 1 3.81 4.52 10.005 10.005 0 0 1-2.24 11.07L105.141 91l72.929 72.93a9.996 9.996 0 0 1 2.333 10.994 10.016 10.016 0 0 1-2.187 3.292 10.016 10.016 0 0 1-7.174 2.928 9.989 9.989 0 0 1-7.112-3.074L91 105.141 18.07 178.07a9.999 9.999 0 0 1-16.473-3.146A10 10 0 0 1 3.93 163.93L76.86 91 3.93 18.07A10.001 10.001 0 0 1 5.319 2.608z\" fill=\"#fff\"><\/path><\/svg>",
            "top" : 0,
            "visible" : true,
            "width" : 17,
            "widthType" : 0
          }
        ],
        "clip" : false,
        "codeOverrideEnabled" : false,
        "constraintsLocked" : false,
        "contrast" : 100,
        "contrastEnabled" : 0,
        "deviceType" : null,
        "exportOptions" : [

        ],
        "fillColor" : "rgba(255,255,255,1)",
        "fillEnabled" : false,
        "fillGradient" : {
          "__class" : "LinearGradient",
          "alpha" : 1,
          "angle" : 0,
          "end" : "rgba(0,0,0,0)",
          "start" : "black"
        },
        "fillImage" : null,
        "fillImagePixelHeight" : null,
        "fillImagePixelWidth" : null,
        "fillImageResize" : "fill",
        "fillType" : "color",
        "grayscale" : 0,
        "grayScaleEnabled" : 0,
        "height" : 17,
        "heightType" : 0,
        "hueRotate" : 0,
        "hueRotateEnabled" : 0,
        "id" : "M3JMQDW7e",
        "intrinsicHeight" : null,
        "intrinsicWidth" : null,
        "invert" : 0,
        "invertEnabled" : 0,
        "isExternalMaster" : null,
        "isMaster" : false,
        "isTarget" : false,
        "left" : 505,
        "locked" : false,
        "name" : null,
        "navigationTarget" : null,
        "navigationTransition" : "push",
        "navigationTransitionBackdropColor" : "rgba(4,4,15,.4)",
        "navigationTransitionDirection" : "left",
        "opacity" : 1,
        "originalid" : null,
        "parentid" : "NdzXAUec4",
        "previewSettings" : null,
        "radius" : 0,
        "radiusBottomLeft" : 0,
        "radiusBottomRight" : 0,
        "radiusIsRelative" : false,
        "radiusPerCorner" : false,
        "radiusTopLeft" : 0,
        "radiusTopRight" : 0,
        "replicaInfo" : null,
        "right" : null,
        "rotation" : 0,
        "saturate" : 100,
        "saturateEnabled" : 0,
        "sepia" : 0,
        "sepiaEnabled" : 0,
        "top" : 726,
        "visible" : true,
        "width" : 17,
        "widthType" : 0
      },
      {
        "__class" : "FrameNode",
        "aspectRatio" : 2.83206106870229,
        "blendingEnabled" : 0,
        "blendingMode" : "normal",
        "blur" : 12,
        "blurEnabled" : 0,
        "blurType" : "layer",
        "borderBottom" : 1,
        "borderColor" : "#222",
        "borderEnabled" : 0,
        "borderLeft" : 1,
        "borderPerSide" : false,
        "borderRight" : 1,
        "borderStyle" : "solid",
        "borderTop" : 1,
        "borderWidth" : 1,
        "bottom" : null,
        "boxShadows" : [

        ],
        "brightness" : 100,
        "brightnessEnabled" : 0,
        "centerAnchorX" : 0.84933333333333338,
        "centerAnchorY" : 0.80541871921182262,
        "children" : [

        ],
        "clip" : false,
        "codeOverrideEnabled" : false,
        "constraintsLocked" : false,
        "contrast" : 100,
        "contrastEnabled" : 0,
        "deviceType" : null,
        "exportOptions" : [

        ],
        "fillColor" : "rgba(255,255,255,1)",
        "fillEnabled" : true,
        "fillGradient" : {
          "__class" : "LinearGradient",
          "alpha" : 1,
          "angle" : 0,
          "end" : "rgba(0,0,0,0)",
          "start" : "black"
        },
        "fillImage" : "3uM7HB5irftmX4GmE9j4wu0jZuY.png",
        "fillImagePixelHeight" : 262,
        "fillImagePixelWidth" : 742,
        "fillImageResize" : "fill",
        "fillType" : "image",
        "grayscale" : 0,
        "grayScaleEnabled" : 0,
        "height" : 132,
        "heightType" : 0,
        "hueRotate" : 0,
        "hueRotateEnabled" : 0,
        "id" : "o8l37zGIM",
        "intrinsicHeight" : 131,
        "intrinsicWidth" : 371,
        "invert" : 0,
        "invertEnabled" : 0,
        "isExternalMaster" : null,
        "isMaster" : false,
        "isTarget" : false,
        "left" : 471,
        "locked" : false,
        "name" : null,
        "navigationTarget" : null,
        "navigationTransition" : "push",
        "navigationTransitionBackdropColor" : "rgba(4,4,15,.4)",
        "navigationTransitionDirection" : "left",
        "opacity" : 1,
        "originalid" : null,
        "parentid" : "NdzXAUec4",
        "previewSettings" : null,
        "radius" : 0,
        "radiusBottomLeft" : 0,
        "radiusBottomRight" : 0,
        "radiusIsRelative" : false,
        "radiusPerCorner" : false,
        "radiusTopLeft" : 0,
        "radiusTopRight" : 0,
        "replicaInfo" : null,
        "right" : null,
        "rotation" : 0,
        "saturate" : 100,
        "saturateEnabled" : 0,
        "sepia" : 0,
        "sepiaEnabled" : 0,
        "top" : 446,
        "visible" : true,
        "width" : 374,
        "widthType" : 0
      },
      {
        "__class" : "FrameNode",
        "aspectRatio" : 0.7526427061310782,
        "blendingEnabled" : 0,
        "blendingMode" : "normal",
        "blur" : 12,
        "blurEnabled" : 0,
        "blurType" : "layer",
        "borderBottom" : 1,
        "borderColor" : "#222",
        "borderEnabled" : 0,
        "borderLeft" : 1,
        "borderPerSide" : false,
        "borderRight" : 1,
        "borderStyle" : "solid",
        "borderTop" : 1,
        "borderWidth" : 1,
        "bottom" : null,
        "boxShadows" : [

        ],
        "brightness" : 100,
        "brightnessEnabled" : 0,
        "centerAnchorX" : 0,
        "centerAnchorY" : 0,
        "children" : [

        ],
        "clip" : false,
        "codeOverrideEnabled" : false,
        "constraintsLocked" : false,
        "contrast" : 100,
        "contrastEnabled" : 0,
        "deviceType" : null,
        "exportOptions" : [

        ],
        "fillColor" : "rgba(255,255,255,1)",
        "fillEnabled" : true,
        "fillGradient" : {
          "__class" : "LinearGradient",
          "alpha" : 1,
          "angle" : 0,
          "end" : "rgba(0,0,0,0)",
          "start" : "black"
        },
        "fillImage" : "ODB0visj1jX61O35kQdL92znv4w.png",
        "fillImagePixelHeight" : 946,
        "fillImagePixelWidth" : 712,
        "fillImageResize" : "fill",
        "fillType" : "image",
        "grayscale" : 0,
        "grayScaleEnabled" : 0,
        "height" : 473,
        "heightType" : 0,
        "hueRotate" : 0,
        "hueRotateEnabled" : 0,
        "id" : "vdxB8Faln",
        "intrinsicHeight" : 473,
        "intrinsicWidth" : 356,
        "invert" : 0,
        "invertEnabled" : 0,
        "isExternalMaster" : null,
        "isMaster" : false,
        "isTarget" : false,
        "left" : 685,
        "locked" : false,
        "name" : null,
        "navigationTarget" : null,
        "navigationTransition" : "push",
        "navigationTransitionBackdropColor" : "rgba(4,4,15,.4)",
        "navigationTransitionDirection" : "left",
        "opacity" : 1,
        "originalid" : null,
        "parentid" : "NdzXAUec4",
        "previewSettings" : null,
        "radius" : 0,
        "radiusBottomLeft" : 0,
        "radiusBottomRight" : 0,
        "radiusIsRelative" : false,
        "radiusPerCorner" : false,
        "radiusTopLeft" : 0,
        "radiusTopRight" : 0,
        "replicaInfo" : null,
        "right" : null,
        "rotation" : 0,
        "saturate" : 100,
        "saturateEnabled" : 0,
        "sepia" : 0,
        "sepiaEnabled" : 0,
        "top" : 662,
        "visible" : true,
        "width" : 356,
        "widthType" : 0
      }
    ],
    "id" : "NdzXAUec4",
    "name" : null,
    "originalid" : null,
    "parentid" : null,
    "visible" : false
  },
  "version" : 48
}